node_id,category,physics_domain,subsystem
1,Component,GeneralPhysics,General
2,Component,GeneralPhysics,General
3,Component,GeneralPhysics,General
4,Parameter,GeneralPhysics,General
5,Component,GeneralPhysics,Expansion
6,Component,GeneralPhysics,General
7,Component,GeneralPhysics,General
8,Component,GeneralPhysics,General
9,Component,GeneralPhysics,General
10,Component,GeneralPhysics,General
11,Component,GeneralPhysics,General
12,BoundaryCondition,GeneralPhysics,General
13,BoundaryCondition,GeneralPhysics,General
14,Component,GeneralPhysics,General
15,Component,GeneralPhysics,Exhaust
16,Parameter,GeneralPhysics,General
17,Parameter,GeneralPhysics,General
18,Parameter,GeneralPhysics,General
19,Parameter,GeneralPhysics,General
20,Parameter,GeneralPhysics,General
21,Parameter,GeneralPhysics,General
22,Parameter,GeneralPhysics,General
23,Parameter,GeneralPhysics,General
24,Equation,GeneralPhysics,General
25,Equation,GeneralPhysics,General
26,Equation,GeneralPhysics,General
27,Parameter,FluidDynamics,General
28,Parameter,FluidDynamics,General
29,Parameter,GeneralPhysics,General
30,Parameter,GeneralPhysics,General
31,Parameter,GeneralPhysics,General
32,Parameter,FluidDynamics,General
33,Parameter,FluidDynamics,General
34,Parameter,FluidDynamics,General
35,Parameter,FluidDynamics,General
36,Parameter,Thermodynamics,General
37,Parameter,FluidDynamics,General
38,Parameter,FluidDynamics,General
39,Equation,FluidDynamics,General
40,Parameter,GeneralPhysics,General
41,Parameter,GeneralPhysics,General
42,Parameter,GeneralPhysics,General
43,BoundaryCondition,FluidDynamics,General
44,Parameter,GeneralPhysics,General
45,Parameter,FluidDynamics,General
46,Parameter,FluidDynamics,General
47,Parameter,GeneralPhysics,General
48,Parameter,FluidDynamics,General
49,Component,GeneralPhysics,General
50,Equation,GeneralPhysics,General
51,Parameter,GeneralPhysics,General
52,Parameter,FluidDynamics,General
53,Parameter,FluidDynamics,Exhaust
54,Parameter,GeneralPhysics,General
55,Parameter,FluidDynamics,General
56,Parameter,GeneralPhysics,General
57,Parameter,GeneralPhysics,Expansion
58,Component,GeneralPhysics,Exhaust
59,Parameter,GeneralPhysics,General
60,Component,GeneralPhysics,Exhaust
61,Parameter,GeneralPhysics,Expansion
62,Parameter,GeneralPhysics,General
63,Component,GeneralPhysics,General
64,Component,FluidDynamics,General
65,Parameter,GeneralPhysics,General
66,Parameter,GeneralPhysics,General
67,Parameter,GeneralPhysics,Combustion
68,Parameter,GeneralPhysics,Combustion
69,Parameter,GeneralPhysics,Combustion
70,Equation,GeneralPhysics,General
71,Parameter,GeneralPhysics,General
72,Parameter,GeneralPhysics,General
73,Parameter,GeneralPhysics,General
74,Parameter,GeneralPhysics,General
75,Equation,GeneralPhysics,Cycle
76,Station,GeneralPhysics,General
77,Equation,GeneralPhysics,Cycle
78,Parameter,Thermodynamics,General
79,Parameter,FluidDynamics,General
80,Parameter,GeneralPhysics,General
81,Parameter,GeneralPhysics,General
82,Component,GeneralPhysics,Combustion
83,Parameter,GeneralPhysics,General
84,Parameter,GeneralPhysics,General
85,Component,GeneralPhysics,Expansion
86,Parameter,GeneralPhysics,General
87,Parameter,GeneralPhysics,General
88,Parameter,GeneralPhysics,General
89,Parameter,GeneralPhysics,General
90,Component,GeneralPhysics,General
91,Component,GeneralPhysics,General
92,Component,FluidDynamics,General
93,Component,GeneralPhysics,Compression
94,Component,Thermodynamics,Compression
95,Parameter,GeneralPhysics,General
96,Component,GeneralPhysics,Compression
97,Component,Thermodynamics,Expansion
98,Component,GeneralPhysics,Expansion
99,Component,GeneralPhysics,Combustion
100,BoundaryCondition,FluidDynamics,Combustion
101,Component,GeneralPhysics,Combustion
102,BoundaryCondition,FluidDynamics,Combustion
103,Parameter,GeneralPhysics,General
104,Component,GeneralPhysics,Exhaust
105,Component,GeneralPhysics,Exhaust
106,Parameter,GeneralPhysics,General
107,Parameter,GeneralPhysics,General
108,Parameter,GeneralPhysics,General
109,Parameter,GeneralPhysics,General
110,Parameter,FluidDynamics,Combustion
111,Component,GeneralPhysics,Expansion
112,Component,FluidDynamics,Exhaust
113,Parameter,GeneralPhysics,General
114,Parameter,GeneralPhysics,Combustion
115,Parameter,GeneralPhysics,Combustion
116,Parameter,FluidDynamics,General
117,Parameter,FluidDynamics,General
118,Parameter,GeneralPhysics,General
119,Parameter,Thermodynamics,General
120,Parameter,GeneralPhysics,General
121,Parameter,GeneralPhysics,General
122,Equation,GeneralPhysics,Cycle
123,Equation,GeneralPhysics,Cycle
124,Equation,GeneralPhysics,Cycle
125,Equation,GeneralPhysics,Combustion
126,Equation,GeneralPhysics,General
127,Component,GeneralPhysics,General
128,Equation,GeneralPhysics,Cycle
129,Parameter,GeneralPhysics,General
130,Parameter,GeneralPhysics,General
131,Component,Thermodynamics,Expansion
132,Parameter,GeneralPhysics,General
133,Component,GeneralPhysics,Combustion
134,Parameter,GeneralPhysics,General
135,Parameter,FluidDynamics,General
136,Parameter,GeneralPhysics,General
137,Parameter,FluidDynamics,General
138,Parameter,GeneralPhysics,General
139,Parameter,GeneralPhysics,General
140,Parameter,GeneralPhysics,General
141,Component,GeneralPhysics,Expansion
142,Equation,GeneralPhysics,General
143,Parameter,GeneralPhysics,General
144,Parameter,FluidDynamics,General
145,Parameter,GeneralPhysics,General
146,Parameter,GeneralPhysics,General
147,BoundaryCondition,GeneralPhysics,Expansion
148,Component,GeneralPhysics,Compression
149,BoundaryCondition,GeneralPhysics,Exhaust
150,Component,Control,General
151,BoundaryCondition,GeneralPhysics,General
152,Parameter,GeneralPhysics,General
153,BoundaryCondition,GeneralPhysics,General
154,BoundaryCondition,GeneralPhysics,General
155,Parameter,GeneralPhysics,General
156,BoundaryCondition,GeneralPhysics,General
157,Parameter,GeneralPhysics,General
158,Parameter,GeneralPhysics,General
159,Parameter,GeneralPhysics,General
160,Component,GeneralPhysics,Expansion
161,Parameter,GeneralPhysics,General
162,Parameter,GeneralPhysics,General
163,Parameter,GeneralPhysics,General
164,Parameter,GeneralPhysics,General
165,Parameter,GeneralPhysics,Combustion
166,Parameter,GeneralPhysics,General
167,BoundaryCondition,GeneralPhysics,General
168,BoundaryCondition,GeneralPhysics,Exhaust
169,Parameter,FluidDynamics,General
170,Component,GeneralPhysics,General
171,Parameter,Thermodynamics,General
172,Parameter,GeneralPhysics,General
173,Parameter,GeneralPhysics,General
174,Parameter,FluidDynamics,General
175,Parameter,FluidDynamics,General
176,Parameter,GeneralPhysics,General
177,Parameter,GeneralPhysics,General
178,Equation,GeneralPhysics,General
179,Equation,GeneralPhysics,General
180,Parameter,GeneralPhysics,General
181,Parameter,GeneralPhysics,General
182,Equation,GeneralPhysics,General
183,Parameter,Thermodynamics,General
184,Parameter,GeneralPhysics,General
185,Parameter,FluidDynamics,General
186,Parameter,FluidDynamics,General
187,Parameter,FluidDynamics,General
188,Parameter,FluidDynamics,General
189,Parameter,Thermodynamics,General
190,Parameter,Thermodynamics,General
191,Parameter,FluidDynamics,General
192,Parameter,Thermodynamics,General
193,Parameter,FluidDynamics,General
194,Component,GeneralPhysics,Exhaust
195,BoundaryCondition,FluidDynamics,General
196,Parameter,FluidDynamics,General
197,Parameter,GeneralPhysics,General
198,Parameter,FluidDynamics,General
199,Parameter,Thermodynamics,General
200,Parameter,FluidDynamics,General
201,Parameter,FluidDynamics,General
202,Parameter,GeneralPhysics,General
203,Parameter,FluidDynamics,General
204,Parameter,Thermodynamics,General
205,Parameter,FluidDynamics,General
206,Parameter,FluidDynamics,Exhaust
207,Component,FluidDynamics,Exhaust
208,Parameter,FluidDynamics,General
209,Parameter,FluidDynamics,General
210,Parameter,GeneralPhysics,Combustion
211,Parameter,FluidDynamics,General
212,Component,GeneralPhysics,Expansion
213,Parameter,FluidDynamics,General
214,Parameter,FluidDynamics,General
215,Parameter,FluidDynamics,General
216,Parameter,FluidDynamics,General
217,Parameter,GeneralPhysics,General
218,Parameter,GeneralPhysics,Combustion
219,Parameter,FluidDynamics,General
220,Parameter,GeneralPhysics,General
221,Parameter,GeneralPhysics,General
222,Parameter,GeneralPhysics,General
223,Parameter,GeneralPhysics,General
224,Parameter,FluidDynamics,General
225,Parameter,GeneralPhysics,General
226,Parameter,GeneralPhysics,General
227,Parameter,GeneralPhysics,General
228,Parameter,GeneralPhysics,General
229,Parameter,GeneralPhysics,General
230,Parameter,GeneralPhysics,General
231,Parameter,GeneralPhysics,Compression
232,Parameter,FluidDynamics,Combustion
233,Parameter,FluidDynamics,General
234,Component,Thermodynamics,General
235,Component,FluidDynamics,General
236,Parameter,GeneralPhysics,General
237,BoundaryCondition,FluidDynamics,General
238,Component,FluidDynamics,Compression
239,Component,Thermodynamics,Exhaust
240,Parameter,FluidDynamics,General
241,Parameter,FluidDynamics,General
242,Parameter,FluidDynamics,General
243,Parameter,GeneralPhysics,General
244,Parameter,GeneralPhysics,General
245,Parameter,FluidDynamics,General
246,Parameter,FluidDynamics,General
247,Parameter,FluidDynamics,General
248,Parameter,FluidDynamics,General
249,Parameter,GeneralPhysics,General
250,Parameter,FluidDynamics,General
251,Parameter,GeneralPhysics,General
252,Parameter,FluidDynamics,General
253,Parameter,GeneralPhysics,General
254,Parameter,GeneralPhysics,Combustion
255,Parameter,FluidDynamics,General
256,Parameter,GeneralPhysics,General
257,Component,GeneralPhysics,Combustion
258,Parameter,FluidDynamics,General
259,Parameter,GeneralPhysics,General
260,Parameter,FluidDynamics,General
261,Parameter,GeneralPhysics,General
262,Component,GeneralPhysics,Compression
263,Parameter,FluidDynamics,General
264,Component,Thermodynamics,Expansion
265,Parameter,GeneralPhysics,General
266,Parameter,FluidDynamics,General
267,Component,GeneralPhysics,Exhaust
268,Parameter,FluidDynamics,General
269,Parameter,FluidDynamics,General
270,Parameter,Thermodynamics,General
271,Parameter,FluidDynamics,General
272,Parameter,GeneralPhysics,General
273,Parameter,GeneralPhysics,General
274,Parameter,GeneralPhysics,General
275,BoundaryCondition,FluidDynamics,General
276,Parameter,Thermodynamics,Exhaust
277,Parameter,GeneralPhysics,General
278,BoundaryCondition,Thermodynamics,General
279,BoundaryCondition,GeneralPhysics,General
280,Equation,FluidDynamics,Cycle
281,Equation,GeneralPhysics,Cycle
282,Component,Thermodynamics,Expansion
283,Parameter,FluidDynamics,General
284,Component,GeneralPhysics,Expansion
285,Parameter,FluidDynamics,General
286,BoundaryCondition,GeneralPhysics,General
287,BoundaryCondition,GeneralPhysics,General
288,Parameter,FluidDynamics,General
289,BoundaryCondition,GeneralPhysics,General
290,Equation,GeneralPhysics,Compression
291,Equation,GeneralPhysics,Combustion
292,Parameter,GeneralPhysics,General
293,BoundaryCondition,FluidDynamics,General
294,Parameter,GeneralPhysics,General
295,Parameter,GeneralPhysics,General
296,Parameter,FluidDynamics,General
297,Component,FluidDynamics,General
298,BoundaryCondition,FluidDynamics,General
299,Parameter,GeneralPhysics,General
300,Parameter,GeneralPhysics,General
301,Parameter,GeneralPhysics,General
302,Parameter,GeneralPhysics,General
303,Parameter,FluidDynamics,General
304,Component,FluidDynamics,Exhaust
305,BoundaryCondition,Thermodynamics,Expansion
306,Component,GeneralPhysics,General
307,Parameter,FluidDynamics,General
308,Parameter,FluidDynamics,General
309,Parameter,GeneralPhysics,General
310,Equation,GeneralPhysics,General
311,Component,GeneralPhysics,Compression
312,Component,FluidDynamics,Expansion
313,Component,FluidDynamics,Expansion
314,Parameter,FluidDynamics,General
315,Parameter,GeneralPhysics,General
316,Component,FluidDynamics,Compression
317,BoundaryCondition,Thermodynamics,Expansion
318,Parameter,Control,General
319,Parameter,FluidDynamics,General
320,Parameter,GeneralPhysics,General
321,Equation,GeneralPhysics,General
322,Equation,GeneralPhysics,Cycle
323,Component,GeneralPhysics,Exhaust
324,Parameter,GeneralPhysics,General
325,Equation,FluidDynamics,General
326,Parameter,GeneralPhysics,General
327,BoundaryCondition,FluidDynamics,General
328,Parameter,FluidDynamics,General
329,BoundaryCondition,Materials,Expansion
330,BoundaryCondition,FluidDynamics,Combustion
331,Parameter,GeneralPhysics,General
332,Component,GeneralPhysics,General
333,Component,Thermodynamics,Combustion
334,Parameter,FluidDynamics,General
335,Component,GeneralPhysics,Exhaust
336,Parameter,GeneralPhysics,General
337,Parameter,Thermodynamics,General
338,Equation,Control,General
