源节点名称,源节点标签,关系类型,目标节点名称,目标节点标签,知识分类,页码,核心释义
Propulsion system,Component,PRODUCES,Thrust,Parameter,系统原理,Page 2,A propulsion system is a machine that produces thrust to move an object forward.
Propulsion system,Component,CLASSIFIED_TO,Airbreathing engine,Component,系统分类,Page 5,Propulsion systems are conveniently divided into two categories: airbreathing engines and non-airbreathing engines.
Propulsion system,Component,CLASSIFIED_TO,Non-airbreathing engine,Component,系统分类,Page 5,Propulsion systems are conveniently divided into two categories: airbreathing engines and non-airbreathing engines.
Airbreathing engine,Component,UTILIZES,Atmospheric oxygen,Parameter,工作原理,Page 5,An airbreathing engine utilizes the oxygen in the atmospheric air to burn the fuel carried within the vehicle.
Non-airbreathing engine,Component,CARRIES,Fuel and Oxidizer,Parameter,工作原理,Page 5,A non-airbreathing engine carries both the fuel and the oxidizer required for combustion.
Non-airbreathing engine,Component,SYNONYMOUS_WITH,Rocket engine,Component,系统同义,Page 5,Rocket engines are the primary example of non-airbreathing engines.
Airbreathing engine,Component,INCLUDES,Turbojet engine,Component,系统分类,Page 5,"Airbreathing engines include the turbojet, turbofan, turboprop, turboshaft, ramjet, and pulsejet."
Airbreathing engine,Component,INCLUDES,Turbofan engine,Component,系统分类,Page 5,"Airbreathing engines include the turbojet, turbofan, turboprop, turboshaft, ramjet, and pulsejet."
Airbreathing engine,Component,INCLUDES,Turboprop engine,Component,系统分类,Page 5,"Airbreathing engines include the turbojet, turbofan, turboprop, turboshaft, ramjet, and pulsejet."
Airbreathing engine,Component,INCLUDES,Turboshaft engine,Component,系统分类,Page 5,"Airbreathing engines include the turbojet, turbofan, turboprop, turboshaft, ramjet, and pulsejet."
Airbreathing engine,Component,INCLUDES,Ramjet engine,Component,系统分类,Page 5,"Airbreathing engines include the turbojet, turbofan, turboprop, turboshaft, ramjet, and pulsejet."
Airbreathing engine,Component,INCLUDES,Pulsejet engine,Component,系统分类,Page 5,"Airbreathing engines include the turbojet, turbofan, turboprop, turboshaft, ramjet, and pulsejet."
Gas generator,Parameter,IS_CORE_OF,Gas turbine engine,Component,部件关系,Page 6,The core of any gas turbine engine is the gas generator.
Gas generator,Parameter,CONSISTS_OF,Compressor,Component,部件组成,Page 6,"The gas generator consists of a compressor, a combustor, and a turbine."
Gas generator,Parameter,CONSISTS_OF,Combustor,Component,部件组成,Page 6,"The gas generator consists of a compressor, a combustor, and a turbine."
Gas generator,Parameter,CONSISTS_OF,Turbine,Component,部件组成,Page 6,"The gas generator consists of a compressor, a combustor, and a turbine."
Turbine,Component,DRIVES,Compressor,Component,部件关系,Page 6,The turbine extracts energy from the hot gas to drive the compressor.
Turbojet engine,Component,ADDS,Exhaust nozzle,Component,结构组成,Page 6,A turbojet engine is formed by adding an inlet and an exhaust nozzle to the gas generator.
Turbojet engine,Component,ADDS,Inlet,Component,结构组成,Page 6,A turbojet engine is formed by adding an inlet and an exhaust nozzle to the gas generator.
Turbofan engine,Component,ADDS,Fan,Parameter,结构组成,Page 6,A turbofan engine adds a fan driven by an additional turbine stage or a separate spool.
Turboprop engine,Component,DRIVES,Propeller,Parameter,结构组成,Page 7,A turboprop engine uses a gas turbine core to drive a propeller through a reduction gearbox.
Turboshaft engine,Component,DELIVERS,Shaft power,Parameter,输出特性,Page 7,"A turboshaft engine delivers power to a shaft to drive something other than a propeller, such as a helicopter rotor."
Ramjet engine,Component,HAS_NO,Moving parts,Parameter,结构特性,Page 7,The ramjet engine has no moving parts (no compressor or turbine) and relies on forward speed to compress air.
Pulsejet engine,Component,OPERATES_BY,Intermittent combustion,Parameter,工作原理,Page 7,A pulsejet engine operates with periodic or intermittent combustion using valves or acoustic geometry.
Uninstalled thrust,BoundaryCondition,DEFINED_AS,Internal performance,Parameter,性能指标,Page 8,"The uninstalled thrust (F_n) is the force produced by the engine alone, neglecting installation effects."
Installed thrust,BoundaryCondition,CALCULATED_FROM,Uninstalled thrust,BoundaryCondition,性能指标,Page 8,The installed thrust F is equal to the uninstalled thrust F_n minus the inlet drag D_inlet and the nozzle drag D_nozzle.
Installed thrust,BoundaryCondition,SUBSTRACTS,Inlet drag,Component,性能指标,Page 8,F = F_n - D_inlet - D_nozzle
Installed thrust,BoundaryCondition,SUBSTRACTS,Nozzle drag,Component,性能指标,Page 8,F = F_n - D_inlet - D_nozzle
Inlet drag,Component,IS_CAUSED_BY,Inlet installation,BoundaryCondition,安装损失,Page 8,Drag associated with the engine intake aerodynamic forces.
Nozzle drag,Component,IS_CAUSED_BY,Nozzle installation,BoundaryCondition,安装损失,Page 8,Drag associated with the exhaust aft-end geometry and flow field.
Thrust specific fuel consumption,Parameter,DEFINED_AS,Fuel mass flow per unit thrust,Parameter,性能指标,Page 11,Thrust specific fuel consumption (TSFC or S) is defined as the mass flow rate of fuel divided by the thrust.
TSFC,Parameter,INDICATES,Engine fuel efficiency,Component,性能指标,Page 11,Lower TSFC indicates a more fuel-efficient engine for a given thrust requirement.
Thermal efficiency,Parameter,MEASURES,Heat conversion to kinetic energy,Parameter,性能指标,Page 12,Thermal efficiency is the ratio of the rate of kinetic energy production to the thermal power input from fuel.
Propulsive efficiency,Parameter,MEASURES,Kinetic energy conversion to thrust power,Parameter,性能指标,Page 12,Propulsive efficiency measures how effectively the engine's kinetic energy output is converted into aircraft propulsive power.
Overall efficiency,Parameter,PRODUCT_OF,Thermal efficiency and Propulsive efficiency,Parameter,性能指标,Page 13,The overall efficiency of a propulsion system is the product of its thermal and propulsive efficiencies.
Specific thrust,Parameter,DEFINED_AS,Thrust per unit air mass flow,Parameter,性能指标,Page 15,Specific thrust is the thrust produced per unit mass flow rate of air entering the engine.
Bypass ratio,Parameter,DEFINED_AS,Fan mass flow to core mass flow,Parameter,性能指标,Page 16,The bypass ratio (alpha) is the ratio of the mass flow rate bypassing the core to the mass flow rate passing through the core.
High bypass ratio,Parameter,ASSOCIATED_WITH,Lower TSFC,Parameter,性能特性,Page 17,High bypass ratio engines generally provide lower TSFC at subsonic cruise speeds.
Continuity equation,Equation,EXPRESSES,Conservation of mass,Parameter,控制方程,Page 47,The continuity equation expresses the principle of conservation of mass for a control volume.
Momentum equation,Equation,EXPRESSES,Newton's second law,Equation,控制方程,Page 48,The momentum equation expresses Newton's second law of motion for a fluid passing through a control volume.
Energy equation,Equation,EXPRESSES,First law of thermodynamics,Equation,控制方程,Page 49,The energy equation is a statement of the first law of thermodynamics applied to a fluid flowing through a control volume.
Steady flow,Parameter,DEFINED_AS,Time-independent properties,Parameter,流体特性,Page 47,A flow is defined as steady if its properties at any point within the control volume do not vary with time.
One-dimensional flow,Parameter,DEFINED_AS,Uniform properties across cross section,Parameter,流体特性,Page 47,A flow is one-dimensional if the fluid properties are uniform across any cross section perpendicular to the flow direction.
Perfect gas,Parameter,OBEYS,Thermal equation of state,Equation,热力学基础,Page 50,A perfect gas is a gas whose intermolecular forces are negligible and obeys the thermal equation of state P = rho*R*T.
Calorically perfect gas,Parameter,HAS,Constant specific heats,Parameter,热力学基础,Page 50,A calorically perfect gas is a perfect gas with constant specific heats (c_p and c_v are constants).
Speed of sound,Parameter,CALCULATED_BY,Square root of gamma*R*T,Parameter,气体动力学,Page 51,The speed of sound 'a' in a calorically perfect gas is given by a = sqrt(gamma * R * T).
Mach number,Parameter,DEFINED_AS,Ratio of velocity to speed of sound,Parameter,气体动力学,Page 51,The Mach number M is defined as the ratio of the local fluid velocity V to the local speed of sound 'a'.
Subsonic flow,Parameter,HAS,Mach number less than one,Parameter,流动状态,Page 51,Flow where the local Mach number is strictly less than 1.0.
Supersonic flow,Parameter,HAS,Mach number greater than one,Parameter,流动状态,Page 51,Flow where the local Mach number is strictly greater than 1.0.
Sonic flow,Parameter,HAS,Mach number equal to one,Parameter,流动状态,Page 51,Flow where the local Mach number is exactly equal to 1.0.
Stagnation temperature,Parameter,INDICATES,Total enthalpy of gas,Parameter,热力学属性,Page 52,Stagnation temperature (or total temperature) T_t represents the temperature achieved when a fluid is decelerated to zero velocity adiabatically.
Stagnation temperature,Parameter,INCREASES_DUE_TO,Aerodynamic heating,Parameter,热力学属性,Page 52,The increase in temperature associated with deceleration of a high-speed flow is called aerodynamic heating.
Stagnation pressure,Parameter,DEFINED_AS,Pressure at zero velocity isentropically,Parameter,热力学属性,Page 52,Stagnation pressure (or total pressure) P_t is the pressure attained when a fluid is brought to rest isentropically.
Isentropic flow,Parameter,HAS,Constant entropy,Parameter,热力学过程,Page 53,An isentropic flow is both adiabatic and reversible; entropy remains constant along a streamline.
Area-Mach number relation,Equation,DESCRIBES,Flow area variation with Mach number,Parameter,等熵流动,Page 56,The area-Mach number relation links the cross-sectional area of a duct to the local Mach number for an isentropic flow.
Convergent duct,Parameter,DECELERATES,Supersonic flow,Parameter,气体动力学,Page 57,"In a convergent duct, a supersonic flow slows down (Mach number decreases)."
Convergent duct,Parameter,ACCELERATES,Subsonic flow,Parameter,气体动力学,Page 57,"In a convergent duct, a subsonic flow speeds up (Mach number increases)."
Divergent duct,Parameter,ACCELERATES,Supersonic flow,Parameter,气体动力学,Page 57,"In a divergent duct, a supersonic flow accelerates (Mach number increases)."
Divergent duct,Parameter,DECELERATES,Subsonic flow,Parameter,气体动力学,Page 57,"In a divergent duct, a subsonic flow decelerates (Mach number decreases)."
Throat,Parameter,IS_MINIMUM_AREA_OF,Convergent-divergent nozzle,Component,喷管几何,Page 57,"The location of minimum cross-sectional area is called the throat, where the Mach number can reach unity."
Choked flow,BoundaryCondition,OCCURS_AT,Mass flow maximum limit,BoundaryCondition,流动状态,Page 59,"When the Mach number at the throat reaches unity, the mass flow rate through the nozzle reaches its maximum possible value and is said to be choked."
Normal shock,Parameter,IS_A,Discontinuity in supersonic flow,Parameter,激波理论,Page 65,A normal shock wave is a thin discontinuity perpendicular to the flow direction that can occur only in supersonic flow.
Normal shock,Parameter,CHANGES_FLOW_FROM,Supersonic to Subsonic,Parameter,激波理论,Page 66,The Mach number always drops from a supersonic value upstream to a subsonic value downstream of a normal shock.
Normal shock,Parameter,INCREASES,Static pressure,Parameter,激波理论,Page 68,Static pressure increases significantly across a normal shock wave.
Normal shock,Parameter,INCREASES,Static temperature,Parameter,激波理论,Page 68,Static temperature increases across a normal shock wave.
Normal shock,Parameter,DECREASES,Total pressure,Parameter,激波理论,Page 68,"The total pressure decreases across a normal shock, which represents an irreversibility (entropy rise) in the flow."
Normal shock,Parameter,CONSERVES,Stagnation temperature,Parameter,激波理论,Page 66,"Because a shock wave is adiabatic, the stagnation temperature remains constant across it."
Fanno flow,Parameter,REFERS_TO,Constant area flow with friction,Parameter,管流理论,Page 74,Fanno flow refers to adiabatic flow in a constant-area duct with friction.
Fanno flow,Parameter,DRIVES_MACH_NUMBER_TOWARD,Unity,Parameter,管流理论,Page 76,"Friction always drives the Mach number toward unity in Fanno flow, whether the inlet flow is subsonic or supersonic."
Rayleigh flow,Parameter,REFERS_TO,Constant area flow with heat transfer,Parameter,管流理论,Page 81,Rayleigh flow refers to frictionless flow in a constant-area duct with heat transfer (heating or cooling).
Thermal choking,Parameter,OCCURS_DUE_TO,Maximum heat addition,Parameter,管流理论,Page 83,Maximum heat addition in a Rayleigh flow occurs when the Mach number reaches unity; further heating causes thermal choking.
Heating in Rayleigh flow,Parameter,DECREASES,Total pressure,Parameter,管流理论,Page 84,Adding heat to a constant-area flow always results in a decrease in total pressure.
Rocket engine,Component,CARRIES,Fuel and Oxidizer,Parameter,系统分类,Page 113,"A rocket engine carries both its fuel and its oxidizer, allowing it to operate in a vacuum outside the atmosphere."
Rocket thrust equation,Equation,CONSISTS_OF,Momentum thrust and Pressure thrust,Parameter,性能指标,Page 114,The total thrust of a rocket is the sum of the momentum thrust and the pressure thrust: F = m_dot * V_e + (P_e - P_a) * A_e.
Momentum thrust,Parameter,CALCULATED_BY,Mass flow rate times Exhaust velocity,Parameter,性能指标,Page 114,The component of thrust generated by the change in momentum of the exhaust gas (m_dot * V_e).
Pressure thrust,Parameter,CALCULATED_BY,Pressure difference times Nozzle exit area,Component,性能指标,Page 114,The component of thrust due to the difference between exit pressure and ambient pressure ((P_e - P_a) * A_e).
Effective exhaust velocity,Parameter,DEFINED_AS,Thrust divided by Mass flow rate,Parameter,性能指标,Page 114,"The effective exhaust velocity C is defined such that F = m_dot * C, which combines momentum and pressure effects."
Specific impulse,Parameter,DEFINED_AS,Thrust per unit weight flow rate,Parameter,性能指标,Page 114,Specific impulse I_sp is the thrust divided by the propellant weight flow rate at sea level: I_sp = F / (m_dot * g_0).
Characteristic velocity,Parameter,INDICATES,Combustion chamber performance,Parameter,性能指标,Page 116,"The characteristic velocity c* is a measure of the combustion chemical energy and efficiency, independent of nozzle characteristics."
Characteristic velocity,Parameter,CALCULATED_FROM,Chamber pressure and Throat area,Parameter,性能指标,Page 116,c* = (P_c * A_t) / m_dot. It depends primarily on combustion temperature and molecular weight.
Thrust coefficient,Parameter,INDICATES,Nozzle expansion efficiency,Component,性能指标,Page 116,The thrust coefficient C_f measures the amplification of thrust achieved by expanding the gas through the nozzle.
Thrust coefficient,Parameter,CALCULATED_FROM,Thrust and Chamber pressure,Parameter,性能指标,Page 116,C_f = F / (P_c * A_t). It is a function of the pressure ratio and area ratio of the nozzle.
Optimum expansion,Parameter,OCCURS_WHEN,Exit pressure equals Ambient pressure,Parameter,喷管空气动力学,Page 117,Maximum thrust for a given propellant mass flow and chamber condition occurs when the nozzle exit pressure equals the ambient pressure (P_e = P_a).
Overexpanded nozzle,Component,HAS,Exit pressure less than Ambient pressure,Parameter,喷管空气动力学,Page 117,A nozzle is overexpanded if the exit pressure is lower than the surrounding ambient atmospheric pressure.
Oblique shock,Parameter,OCCURS_IN,Overexpanded nozzle,Component,喷管空气动力学,Page 118,"When a nozzle is highly overexpanded, oblique shocks or flow separation occur at the nozzle exit."
Underexpanded nozzle,Component,HAS,Exit pressure greater than Ambient pressure,Parameter,喷管空气动力学,Page 117,A nozzle is underexpanded if the gas exits at a pressure higher than the ambient atmospheric pressure.
Expansion waves,Parameter,OCCUR_OUTSIDE,Underexpanded nozzle,Component,喷管空气动力学,Page 118,Further expansion takes place outside the nozzle exit through expansion fans when P_e > P_a.
Liquid propellant rocket,Parameter,USES,Liquid fuel and Liquid oxidizer,Parameter,系统架构,Page 120,Liquid rocket systems utilize liquid chemical propellants stored in separate tanks.
Turbopump feed system,Component,DELIVERS,Propellants to combustion chamber,Parameter,系统架构,Page 120,High-thrust liquid rockets use turbopumps driven by a gas generator to force propellants into the high-pressure chamber.
Pressure-fed system,Component,USES,High pressure gas tank,Parameter,系统架构,Page 120,A simpler feed system that uses regulated high-pressure gas to push propellants into the combustion chamber.
Solid propellant rocket,Parameter,CONTAINS,Propellant grain,Parameter,系统架构,Page 124,A solid rocket motor stores its fuel and oxidizer intimately mixed together as a solid block called the grain.
Propellant grain,Parameter,BURNS_ALONG,Exposed cavity surface,Parameter,系统架构,Page 124,Combustion takes place on the internal surfaces of the hollow cavity inside the solid grain.
Progressive burning,Parameter,DEFINED_AS,Thrust increasing with time,Parameter,燃烧特性,Page 125,A grain geometry that causes the burning surface area (and therefore thrust) to increase over time.
Regressive burning,Parameter,DEFINED_AS,Thrust decreasing with time,Parameter,燃烧特性,Page 125,A grain geometry that causes the burning surface area (and therefore thrust) to decrease over time.
Neutral burning,Parameter,DEFINED_AS,Constant thrust with time,Parameter,燃烧特性,Page 125,A grain geometry where the burning surface area remains relatively constant during the burn.
Rocket equation,Equation,RELATES,Velocity gain to Mass ratio,Parameter,飞行学基础,Page 138,"The ideal rocket equation (Tsiolkovsky equation) is Delta_V = C * ln(m_i / m_f), neglecting gravity and drag."
Initial rocket mass,Parameter,CONSISTS_OF,Payload and Structural mass and Propellant mass,Parameter,结构质量,Page 138,m_i = m_PL + m_s + m_p.
Structural coefficient,Parameter,DEFINED_AS,Structural mass to Total stage mass,Parameter,结构质量,Page 139,The structural coefficient (epsilon) is the ratio of the structural mass to the sum of the structural and propellant masses.
Multistage rocket,Parameter,DROPS,Empty structural mass,Parameter,系统优化,Page 142,Multistage rockets discard the dead weight of empty tanks and structures of depleted stages to achieve higher final velocities.
Payload ratio,Parameter,DEFINED_AS,Payload mass to Initial mass,Parameter,系统优化,Page 142,The ratio of the carried payload mass to the initial total mass of that specific rocket stage.
Parametric cycle analysis,Equation,OBJECTIVE,Determine performance trends,Parameter,参数循环分析,Page 195,The objective of parametric cycle analysis is to relate the engine performance parameters to the design choices and the flight environment.
Station numbering,Station,STANDARDIZED_BY,SAE Aerospace Standard,Parameter,工程标准,Page 196,"The gas turbine industry utilizes standard station numbering (e.g., 0 for ambient, 2 for compressor inlet, 3 for compressor exit, 4 for turbine inlet, 5 for turbine exit, 9 for nozzle exit)."
Ideal cycle analysis,Equation,ASSUMES,Isentropic compression and expansion,Parameter,循环假设,Page 196,Ideal cycle analysis assumes that the compression and expansion processes are reversible and adiabatic (isentropic).
Ideal cycle analysis,Equation,ASSUMES,Constant pressure combustion,Parameter,循环假设,Page 196,It is assumed that combustion occurs at constant total pressure (no pressure drop in the combustor).
Ideal cycle analysis,Equation,ASSUMES,Calorically perfect gas,Parameter,循环假设,Page 196,The working fluid is assumed to be a calorically perfect gas with constant specific heats throughout the engine.
Ideal cycle analysis,Equation,NEGLECTS,Fuel mass flow rate,Parameter,循环假设,Page 196,The mass flow rate of fuel is neglected relative to the air mass flow rate in ideal performance matching (m_dot_f << m_dot_a).
Total temperature ratio tau,Parameter,DEFINED_AS,Exit total temperature over Inlet total temperature,Component,热力学参数,Page 205,The dimensionless parameter tau represents the ratio of stagnation temperatures across a component.
Total pressure ratio pi,Parameter,DEFINED_AS,Exit total pressure over Inlet total pressure,Component,热力学参数,Page 205,The dimensionless parameter pi represents the ratio of stagnation pressures across a component.
Isentropic component,Parameter,OBEYS,Pi equals tau to power of gamma over gamma-1,Parameter,热力学关系,Page 205,"For ideal isentropic components (compressor or turbine), the total pressure ratio and total temperature ratio are directly coupled."
Ideal turbojet,Parameter,HAS_ZERO_THRUST_AT,High Mach limit,BoundaryCondition,发动机特性,Page 207,"For a given maximum turbine inlet temperature, the specific thrust of an ideal turbojet drops to zero at a specific upper flight Mach number limit."
Specific thrust,Parameter,MAXIMIZED_BY,Optimum compressor pressure ratio,Component,性能优化,Page 210,"For a fixed flight condition and turbine inlet temperature, there is an optimum compressor pressure ratio that maximizes the specific thrust of a turbojet."
Ideal afterburner,Component,INCREASES,Stagnation temperature at nozzle,Component,发动机变体,Page 215,An afterburner increases the total temperature of the gas entering the exhaust nozzle without affecting the turbomachinery core.
Ideal afterburner,Component,INCREASES,Specific thrust,Parameter,发动机变体,Page 215,The afterburner significantly increases the specific thrust by raising the exhaust velocity.
Ideal afterburner,Component,INCREASES,Thrust specific fuel consumption,Parameter,发动机变体,Page 215,Afterburner operation causes a dramatic increase in TSFC due to fuel addition at lower pressure levels.
Ideal turbofan,Parameter,SPLITS_FLOW_INTO,Core flow and Bypass flow,Parameter,发动机变体,Page 218,A turbofan engine divides the incoming air into a primary core stream and a secondary bypass stream.
Bypass ratio alpha,Parameter,DEFINED_AS,Bypass mass flow divided by Core mass flow,Parameter,性能指标,Page 218,alpha = m_dot_bypass / m_dot_core.
Fan turbine,Component,DRIVES,Fan,Parameter,部件关系,Page 218,"In a turbofan, a low-pressure turbine extracts energy from the core flow to drive the fan."
Ideal turbofan,Parameter,HAS_LOWER_TSFC_THAN,Ideal turbojet,Parameter,性能对比,Page 220,"At subsonic cruise speeds, an ideal turbofan offers a significantly lower TSFC than a turbojet because of its higher propulsive efficiency."
Optimum bypass ratio,Parameter,MINIMIZED,Thrust specific fuel consumption,Parameter,性能优化,Page 224,There exists an mathematically optimum bypass ratio for a given core design that yields the absolute minimum TSFC.
Ideal ramjet,Parameter,HAS_NO,Turbomachinery,Parameter,发动机特性,Page 226,A ramjet engine has no compressor or turbine; compression is achieved entirely through the dynamic pressure rise in the inlet.
Ideal ramjet,Parameter,PRODUCES,Zero static thrust,Parameter,发动机特性,Page 226,An ideal ramjet cannot produce any thrust at zero flight velocity (Mach = 0) because it lacks a mechanical compressor.
Optimal turbofan energy distribution,Parameter,REQUIRES,Bypass and Core exit velocities to be equal,Parameter,性能优化,Page 221,"For an unmixed ideal turbofan, the optimum kinetic energy distribution occurs when the exit velocity of the bypass nozzle equals the exit velocity of the core nozzle."
Real component performance,Parameter,QUANTIFIED_BY,Component efficiencies and Total pressure ratios,Parameter,真实部件特性,Page 289,"The performance of real components is characterized by total temperature ratios, total pressure ratios, efficiencies, and pressure losses."
Inlet,Component,CHARACTERIZED_BY,Total pressure ratio pi_d,Parameter,进气道特性,Page 290,"The performance of the inlet (or diffuser) is primarily characterized by its total pressure ratio, pi_d = P_t2 / P_t0, also called the inlet recovery factor."
Inlet ram recovery,Component,DEPENDS_ON,Flight Mach number,Parameter,进气道特性,Page 290,Military specifications (like MIL-E-5007D) define standard inlet recovery curves that decrease as the flight Mach number increases above 1.0.
Inlet mass flow ratio,Component,DEFINED_AS,Capture area air mass flow to Maximum air mass flow,Parameter,进气道特性,Page 292,The ratio of the actual mass flow entered into the inlet to the maximum possible mass flow that the capture area can intercept.
Compressor,Component,CHARACTERIZED_BY,Isentropic efficiency eta_c,Parameter,压气机特性,Page 294,The isentropic compressor efficiency eta_c is defined as the ratio of ideal (isentropic) work to the actual work required for a given total pressure ratio.
Compressor total temperature ratio tau_c,Component,CALCULATED_FROM,Isentropic efficiency and Total pressure ratio,Parameter,压气机特性,Page 294,"tau_c = 1 + (pi_c^((gamma-1)/gamma) - 1) / eta_c, which links actual temperature rise to pressure ratio."
Polytropic efficiency,Parameter,DEFINED_AS,Isentropic efficiency of an infinitesimal stage,Parameter,效率理论,Page 296,"Polytropic efficiency (e_c for compressor, e_t for turbine) is defined as the isentropic efficiency of an elemental or infinitesimal stage."
Compressor isentropic efficiency,Component,DECREASES_WITH,Increasing pressure ratio,Parameter,效率理论,Page 297,"For a constant polytropic efficiency e_c, the overall isentropic compressor efficiency eta_c drops as the total pressure ratio pi_c increases due to the preheating effect."
Turbine,Component,CHARACTERIZED_BY,Isentropic efficiency eta_t,Parameter,涡轮特性,Page 301,The isentropic turbine efficiency eta_t is defined as the ratio of actual work output to the ideal (isentropic) work output for a given total pressure ratio.
Turbine total temperature ratio tau_t,Component,CALCULATED_FROM,Isentropic efficiency and Total pressure ratio,Parameter,涡轮特性,Page 301,"tau_t = 1 - eta_t * (1 - pi_t^((gamma-1)/gamma)), which relates the temperature drop to the expansion pressure ratio."
Turbine isentropic efficiency,Component,INCREASES_WITH,Increasing pressure ratio,Parameter,效率理论,Page 302,"For a constant polytropic efficiency e_t, the overall isentropic turbine efficiency eta_t rises as the pressure ratio increases due to the reheating effect."
Combustor,Component,CHARACTERIZED_BY,Combustion efficiency eta_b,Parameter,燃烧室特性,Page 305,Combustion efficiency eta_b is the ratio of the actual thermal energy released to the chemical energy available in the fuel.
Combustor pressure loss,BoundaryCondition,QUANTIFIED_BY,Total pressure ratio pi_b,Parameter,燃烧室特性,Page 306,The total pressure ratio of the combustor pi_b = P_t4 / P_t3 is always less than 1.0 due to viscous friction and cold-to-hot flow momentum pressure drop.
Combustor pressure loss,BoundaryCondition,CAUSED_BY,Friction and Fundamental thermal loading,Parameter,燃烧室特性,Page 306,Total pressure drops because of skin friction in the liner liners/swirlers and the fundamental thermodynamic loss from adding heat at finite Mach numbers.
Afterburner,Component,CHARACTERIZED_BY,Afterburner efficiency eta_AB,Component,加力燃烧室,Page 308,The efficiency eta_AB measures how completely the fuel burns in the afterburner duct upstream of the exit nozzle.
Afterburner pressure loss,BoundaryCondition,QUANTIFIED_BY,Total pressure ratio pi_AB,Parameter,加力燃烧室,Page 308,"The total pressure ratio pi_AB = P_t7 / P_t6 account for losses due to flameholders, friction, and high-temperature heat addition."
Mechanical transmission,Parameter,CHARACTERIZED_BY,Mechanical efficiency eta_m,Parameter,机械传动,Page 309,Mechanical efficiency eta_m accounts for frictional power losses in bearings and accessory gearboxes connecting the turbine and compressor shafts.
Exhaust nozzle,Component,CHARACTERIZED_BY,Total pressure ratio pi_n,Parameter,喷管特性,Page 310,"The exhaust nozzle performance is characterized by its total pressure ratio pi_n = P_t9 / P_t7, which represents friction losses in the nozzle duct."
Nozzle angularity coefficient,Component,REDUCES,Exit momentum thrust,Parameter,喷管特性,Page 312,"An angularity factor (or divergence factor C_ang) accounts for the non-axial exit velocity vector at the nozzle plane, reducing net thrust."
Power take-off,Parameter,REDUCES,Available turbine power for compression,Component,系统能量,Page 314,Extraction of mechanical shaft power (P_TO) to run aircraft accessories directly reduces the turbine power available to drive the compressor.
Bleed air extraction,Parameter,REDUCES,Core mass flow rate,Parameter,系统能量,Page 314,Extracting high-pressure compressed air from the compressor exit for cabin environmental control systems (ECS) or turbine blade cooling reduces the downstream mass flow.
Cooling air mixing,Parameter,REDUCES,Turbine inlet stagnation temperature,Component,涡轮冷却,Page 315,Reintroducing relatively cool bleed air into the turbine stages for blade cooling causes aerodynamic mixing losses and lowers the effective total temperature of the gas.
Real rocket performance,Parameter,ACCOUNTS_FOR,Component efficiencies and Chemical reactions,Parameter,真实火箭特性,Page 401,"Analysis of real rocket engines requires accounting for non-ideal effects including nozzle efficiency, incomplete combustion, heat transfer, and complex chemical behaviors."
Combustion chamber pressure,Parameter,DIFFERS_FROM,Stagnation pressure at throat,Parameter,推力室特性,Page 402,"Due to high-velocity combustion and friction inside the chamber, the total pressure drops from the injector head to the nozzle throat entrance."
Real nozzle expansion,Component,CHARACTERIZED_BY,Nozzle efficiency eta_n,Component,喷管特性,Page 403,Nozzle efficiency eta_n is defined as the ratio of actual kinetic energy change to the ideal isentropic kinetic energy change across the nozzle.
Nozzle velocity coefficient,Component,DEFINED_AS,Actual exit velocity divided by Isentropic velocity,Parameter,喷管特性,Page 404,The velocity coefficient C_v relates the actual exhaust velocity to the ideal velocity; typically C_v equals the square root of nozzle efficiency.
Discharge coefficient,Parameter,MEASURES,Mass flow rate deviation,Parameter,喷管特性,Page 405,"The discharge coefficient C_d is the ratio of actual mass flow rate to the ideal isentropic mass flow rate, accounting for boundary layer displacement."
Incomplete combustion,Parameter,REDUCES,Chamber stagnation temperature,Parameter,燃烧损失,Page 407,Failure to achieve perfect chemical equilibrium or full mixing of oxidizer and fuel lowers the combustion temperature T_c below its theoretical adiabatic value.
Combustion efficiency,Parameter,QUANTIFIED_BY,Characteristic velocity ratio,Parameter,燃烧损失,Page 407,Combustion efficiency is often expressed as the ratio of actual characteristic velocity (c*_actual) to the theoretical characteristic velocity (c*_theoretical).
Frozen flow,Parameter,ASSUMES,Fixed chemical composition,Parameter,化学动力学,Page 410,Frozen flow assumes that the chemical composition of the exhaust gas remains constant (fixed at chamber exit state) during expansion through the nozzle.
Equilibrium flow,Parameter,ASSUMES,Instantaneous chemical reaction,Parameter,化学动力学,Page 410,"Equilibrium flow assumes that chemical reactions occur instantaneously as pressure and temperature drop, continually adjusting composition to maintain local equilibrium."
Equilibrium flow,Parameter,YIELDS,Higher specific impulse,Parameter,化学动力学,Page 412,Equilibrium flow gives higher calculated exhaust velocity and specific impulse than frozen flow because chemical recombination energy is recovered as kinetic energy.
Real specific impulse,Parameter,LIES_BETWEEN,Frozen flow and Equilibrium flow limits,BoundaryCondition,性能预测,Page 413,The actual expansion process in a real rocket nozzle falls between the ideal frozen and shifting equilibrium bounds.
Thrust chamber heat transfer,Parameter,REDUCES,Exhaust gas enthalpy,Parameter,传热损失,Page 415,Heat loss through the chamber walls and nozzle liners directly reduces the thermal energy available for conversion into kinetic energy.
Regenerative cooling,Parameter,ROUTES,Fuel through cooling jackets,Parameter,结构与传热,Page 418,Regenerative cooling pumps the fuel or oxidizer through passages surrounding the thrust chamber wall to absorb heat before injection.
Regenerative cooling,Parameter,RECOVERS,Wall heat loss,BoundaryCondition,结构与传热,Page 418,"The heat absorbed by the coolant is reintroduced into the combustion chamber, preventing a net thermodynamic energy loss."
Film cooling,Parameter,CREATES,Cooling fluid boundary layer,BoundaryCondition,结构与传热,Page 420,Injecting a small portion of fuel or inert gas along the internal wall creates a protective film that shields the structure from high-temperature core gases.
Liquid rocket cycle,Equation,CLASSIFIED_TO,Pressure-fed cycle,Equation,动力循环,Page 422,Liquid rocket engine cycles are classified into pressure-fed systems or pump-fed systems based on how propellants are pressurized.
Pump-fed cycle,Equation,CLASSIFIED_TO,Gas-generator cycle,Equation,动力循环,Page 424,A pump-fed open cycle where a fraction of the propellant is burned in a separate combustor to drive the turbine and is then exhausted overboard.
Pump-fed cycle,Equation,CLASSIFIED_TO,Staged combustion cycle,Equation,动力循环,Page 427,A high-pressure closed cycle where all pre-burner or gas-generator exhaust gases are directed into the main combustion chamber.
Pump-fed cycle,Equation,CLASSIFIED_TO,Expander cycle,Equation,动力循环,Page 431,A closed cycle where fuel is vaporized in the cooling jacket and then routes directly through the turbine to drive the pumps before entering the injector.
Gas-generator cycle,Equation,LIMITS,Turbine inlet temperature,Component,动力循环,Page 425,The gas generator must operate off-stoichiometric (extremely fuel-rich or oxidizer-rich) to prevent melting the turbine blades.
Staged combustion cycle,Equation,ENABLES,Higher chamber pressure,Parameter,动力循环,Page 428,"Because the turbine exhaust is injected into the main chamber rather than dumped at low pressure, it allows extremely high chamber pressures (P_c) and higher efficiency."
Turbopump power balance,Equation,REQUIRES,Turbine power equals Pump power,Component,系统匹配,Page 435,"In steady-state pump-fed cycles, the power produced by the turbine must equal the total mechanical power required to drive the oxidizer and fuel pumps."
Pump power requirement,Component,DEPENDS_ON,Volumetric flow rate and Pressure rise,Parameter,系统匹配,Page 436,"The required shaft power for a propellant pump is proportional to the mass flow rate and pressure rise, divided by the pump efficiency (eta_p)."
Real cycle analysis,Equation,ACCOUNTS_FOR,Component efficiencies and fluid losses,BoundaryCondition,真实循环分析,Page 445,"Real engine cycle analysis incorporates component efficiencies, pressure losses, mechanical losses, and bleeding to predict realistic performance."
Total pressure ratio pi,Parameter,AFFECTED_BY,Viscous and shock losses,BoundaryCondition,真实循环分析,Page 445,"In real engines, component total pressure ratios (like pi_d, pi_b, pi_n) are less than 1.0 due to friction and shock waves."
Real turbojet,Parameter,CALCULATES_THRUST_FROM,Real exit velocity and pressure,Parameter,涡喷循环,Page 448,The net thrust of a real turbojet must account for exit velocity variations caused by nozzle efficiency (eta_n) and incomplete expansion.
Real turbojet efficiency,Parameter,REDUCED_BY,Component irreversibilities,BoundaryCondition,涡喷循环,Page 452,"Irreversibilities in the compressor and turbine increase entropy, directly decreasing the specific thrust and increasing the TSFC."
Turbine temperature ratio tau_t,Component,CONSTRAINED_BY,Compressor power balance,Equation,性能匹配,Page 456,"In a real turbojet, the turbine temperature drop is determined by the actual power required to drive the compressor: tau_t = 1 - (tau_lambda / tau_r) * (tau_c - 1) / (eta_m * (1 + f))."
Fuel-air ratio f,Parameter,CALCULATED_FROM,Combustor energy balance,Equation,性能匹配,Page 458,The actual fuel-air ratio f accounts for combustor efficiency eta_b and variable specific heats across the burner.
Real afterburner,Component,REQUIRES,Additional fuel injection,Parameter,加力循环,Page 465,"The afterburner burns remaining oxygen in the turbine exhaust gas, but its efficiency (eta_AB) is lower than the main combustor."
Real afterburner,Component,CAUSES,High total pressure drop,BoundaryCondition,加力循环,Page 466,Adding heat at a finite Mach number inside the afterburner duct causes a fundamental thermal total pressure drop (Rayleigh effect).
Real turbofan,Parameter,HAS_TWO_STREAMS,Core stream and Bypass stream,Parameter,涡扇循环,Page 472,Real turbofan cycle analysis must track the independent losses and state changes in both the core and the fan bypass duct.
Real turbofan,Parameter,CLASSIFIED_TO,Unmixed turbofan,Parameter,涡扇循环,Page 473,An engine configuration where the core and bypass streams exhaust through separate independent nozzles.
Real turbofan,Parameter,CLASSIFIED_TO,Mixed-flow turbofan,Parameter,涡扇循环,Page 485,An engine configuration where the core and bypass streams mix in a common mixer component before expanding through a single nozzle.
Constant-pressure mixer,Parameter,REQUIRES,Equal static pressures at inlet,Component,部件匹配,Page 486,"For proper aerodynamic mixing, the core and bypass streams must enter the mixer at substantially equal static pressures (P_5 = P_15)."
Mixer efficiency,Parameter,QUANTIFIED_BY,Total pressure gain or loss,BoundaryCondition,部件匹配,Page 488,"Aerodynamic mixing of streams with different total temperatures and velocities introduces viscous shearing losses, reducing overall total pressure."
Optimum bypass ratio,Parameter,SHIFTS_WITH,Component efficiencies,Parameter,性能优化,Page 492,Lower component efficiencies (like lower fan or turbine efficiency) shift the optimum bypass ratio (alpha) toward lower values compared to ideal cycles.
Optimum fan pressure ratio,Parameter,MAXIMIZES,Specific thrust of turbofan,Parameter,性能优化,Page 495,There is a distinct optimum fan pressure ratio (pi_f) that maximizes specific thrust or minimizes TSFC for a given bypass ratio and core technology.
Real turboprop,Parameter,DELIVERS,Shaft power and Residual thrust,Parameter,涡桨循环,Page 502,A real turboprop splits the available turbine energy into shaft power to drive the propeller and a small amount of jet thrust from the exhaust.
Propeller efficiency eta_prop,Parameter,MEASURES,Shaft power conversion to thrust,Parameter,性能指标,Page 503,The efficiency with which the propeller converts the brake shaft horsepower into effective aircraft propulsive power.
Equivalent specific fuel consumption,Parameter,DEFINED_AS,Fuel flow divided by Equivalent thrust,Parameter,性能指标,Page 505,"For turboprops, ESFC (or S_e) combines the propeller shaft power and residual jet thrust into a single performance parameter."
Turbine expansion split,Component,OPTIMIZED_BY,Optimum nozzle pressure ratio,Component,性能优化,Page 508,There is an optimum balance between how much expansion occurs in the turbine (for shaft power) versus the exhaust nozzle (for jet thrust) to maximize total equivalent thrust.
Bleed air extraction,Parameter,INCREASES,Thrust specific fuel consumption,Parameter,损失效应,Page 515,"Extracting compressed air from the core compressor exit for aircraft usage causes an immediate penalty, reducing thrust and increasing TSFC."
Power take-off,Parameter,INCREASES,Required turbine temperature drop,BoundaryCondition,损失效应,Page 516,"Extracting mechanical power from the shaft forces the turbine to work harder, which reduces the total enthalpy available for the exhaust jet."
Off-design analysis,Equation,OBJECTIVE,Predict performance of a fixed engine,Component,性能预测,Page 545,Engine performance analysis (or off-design analysis) predicts the performance of a specific engine across various flight conditions and throttle settings.
Fixed geometry,Parameter,CONSTRAINS,Component flow areas,Parameter,运行约束,Page 545,"For a built engine, the physical throat areas of turbines and nozzles are geometrically fixed, which locks the aerodynamic coupling."
Corrected mass flow,Parameter,DEFINED_AS,Mass flow scaled by dimensionless temperature and pressure,Parameter,相似准则,Page 551,"Corrected mass flow rate m_dot_c is defined as m_dot * sqrt(theta) / delta, allowing data from different conditions to be collapsed onto a single curve."
Corrected speed,Parameter,DEFINED_AS,Physical rotational speed divided by square root of theta,Parameter,相似准则,Page 551,N_c = N / sqrt(theta). It relates the blade tip Mach number to the aerodynamic performance of turbomachinery.
Component matching,Parameter,REQUIRES,Continuity of mass and power balance,Equation,整机匹配,Page 558,"Steady-state off-design operation requires that the mass flow entering a component matches downstream constraints, and the turbine power balances the compressor power."
Choked turbine stator,BoundaryCondition,FIXES,Upstream compressor operating point,Component,整机匹配,Page 563,"If the high-pressure turbine nozzle guides are choked, the corrected mass flow exiting the compressor remains essentially constant, creating a fixed pumping constraint."
Compressor operating line,Component,DETERMINED_BY,Turbine flow capacity,Component,整机匹配,Page 565,The steady-state compressor operating line on a compressor map is determined by the fixed throat area of the downstream turbine and exhaust nozzle.
Choked exhaust nozzle,BoundaryCondition,DETERMINES,Turbine pressure ratio,Component,整机匹配,Page 572,"When the convergent exhaust nozzle is choked, the operating pressure ratio across the turbine becomes independent of ambient pressure."
Control system,Component,REGULATES,Fuel flow rate and variable geometry,Parameter,发动机控制,Page 598,The fuel control unit (FCU) adjusts the fuel flow to match pilot thrust demands while keeping the engine within safety limits.
Engine limit,BoundaryCondition,INCLUDES,Maximum fan speed,Parameter,发动机控制,Page 599,Mechanical stress restricts the maximum physical or corrected rotational speed of the fan spool.
Engine limit,BoundaryCondition,INCLUDES,Maximum compressor discharge pressure,Component,发动机控制,Page 599,Structural casing design restricts the maximum compressor exit pressure (P_t3) to prevent burst failure.
Engine limit,BoundaryCondition,INCLUDES,Maximum turbine inlet temperature,BoundaryCondition,发动机控制,Page 599,Material thermal properties restrict the maximum allowable gas temperature entering the turbine blades (T_t4).
Theta_break,Parameter,DEFINES,Control logic transition point,Parameter,发动机控制,Page 612,Theta_break represents the ambient temperature point where the engine control transitions from limiting maximum compressor pressure ratio to limiting maximum turbine inlet temperature.
Cold day operation,BoundaryCondition,LIMITED_BY,Maximum pressure or shaft speed,Parameter,发动机控制,Page 612,"At low ambient temperatures (below theta_break), the engine is typically limited by mechanical limits like pressure or spool speed."
Hot day operation,BoundaryCondition,LIMITED_BY,Maximum turbine inlet temperature,BoundaryCondition,发动机控制,Page 612,"At high ambient temperatures (above theta_break), the engine control reduces fuel flow to protect the turbine from overheating, dropping the thrust."
Throttle hook,Parameter,PLOTS,Thrust versus TSFC,Parameter,运行特性,Page 620,A throttle hook is a curve showing the relationship between thrust and thrust specific fuel consumption at a constant flight condition as the throttle is varied.
Transient operation,BoundaryCondition,REQUIRES,Temporary power imbalance,Equation,过渡态,Page 635,"During acceleration, the turbine power must exceed the compressor power to accelerate the spool rotor inertia, causing the operating line to transiently swing toward the stall line."
