source,target,relation,relation_group,weight,page,logic,trend,description
1,157,PRODUCES,REFERENCE,0.4,Page 2,A propulsion system is a machine that produces thrust to move an object forward.,,
1,2,CLASSIFIED_TO,REFERENCE,0.4,Page 5,Propulsion systems are conveniently divided into two categories: airbreathing engines and non-airbreathing engines.,,
1,3,CLASSIFIED_TO,REFERENCE,0.4,Page 5,Propulsion systems are conveniently divided into two categories: airbreathing engines and non-airbreathing engines.,,
2,158,UTILIZES,REFERENCE,0.4,Page 5,An airbreathing engine utilizes the oxygen in the atmospheric air to burn the fuel carried within the vehicle.,,
3,159,CARRIES,REFERENCE,0.4,Page 5,A non-airbreathing engine carries both the fuel and the oxidizer required for combustion.,,
3,49,SYNONYMOUS_WITH,REFERENCE,0.4,Page 5,Rocket engines are the primary example of non-airbreathing engines.,,
2,6,INCLUDES,REFERENCE,0.4,Page 5,"Airbreathing engines include the turbojet, turbofan, turboprop, turboshaft, ramjet, and pulsejet.",,
2,7,INCLUDES,REFERENCE,0.4,Page 5,"Airbreathing engines include the turbojet, turbofan, turboprop, turboshaft, ramjet, and pulsejet.",,
2,8,INCLUDES,REFERENCE,0.4,Page 5,"Airbreathing engines include the turbojet, turbofan, turboprop, turboshaft, ramjet, and pulsejet.",,
2,9,INCLUDES,REFERENCE,0.4,Page 5,"Airbreathing engines include the turbojet, turbofan, turboprop, turboshaft, ramjet, and pulsejet.",,
2,10,INCLUDES,REFERENCE,0.4,Page 5,"Airbreathing engines include the turbojet, turbofan, turboprop, turboshaft, ramjet, and pulsejet.",,
2,11,INCLUDES,REFERENCE,0.4,Page 5,"Airbreathing engines include the turbojet, turbofan, turboprop, turboshaft, ramjet, and pulsejet.",,
4,160,IS_CORE_OF,REFERENCE,0.4,Page 6,The core of any gas turbine engine is the gas generator.,,
4,93,CONSISTS_OF,REFERENCE,0.4,Page 6,"The gas generator consists of a compressor, a combustor, and a turbine.",,
4,99,CONSISTS_OF,REFERENCE,0.4,Page 6,"The gas generator consists of a compressor, a combustor, and a turbine.",,
4,5,CONSISTS_OF,REFERENCE,0.4,Page 6,"The gas generator consists of a compressor, a combustor, and a turbine.",,
5,93,DRIVES,REFERENCE,0.4,Page 6,The turbine extracts energy from the hot gas to drive the compressor.,,
6,104,ADDS,REFERENCE,0.4,Page 6,A turbojet engine is formed by adding an inlet and an exhaust nozzle to the gas generator.,,
6,90,ADDS,REFERENCE,0.4,Page 6,A turbojet engine is formed by adding an inlet and an exhaust nozzle to the gas generator.,,
7,161,ADDS,REFERENCE,0.4,Page 6,A turbofan engine adds a fan driven by an additional turbine stage or a separate spool.,,
8,162,DRIVES,REFERENCE,0.4,Page 7,A turboprop engine uses a gas turbine core to drive a propeller through a reduction gearbox.,,
9,163,DELIVERS,REFERENCE,0.4,Page 7,"A turboshaft engine delivers power to a shaft to drive something other than a propeller, such as a helicopter rotor.",,
10,164,HAS_NO,REFERENCE,0.4,Page 7,The ramjet engine has no moving parts (no compressor or turbine) and relies on forward speed to compress air.,,
11,165,OPERATES_BY,REFERENCE,0.4,Page 7,A pulsejet engine operates with periodic or intermittent combustion using valves or acoustic geometry.,,
12,166,DEFINED_AS,REFERENCE,0.4,Page 8,"The uninstalled thrust (F_n) is the force produced by the engine alone, neglecting installation effects.",,
13,12,CALCULATED_FROM,REFERENCE,0.4,Page 8,The installed thrust F is equal to the uninstalled thrust F_n minus the inlet drag D_inlet and the nozzle drag D_nozzle.,,
13,14,SUBSTRACTS,REFERENCE,0.4,Page 8,F = F_n - D_inlet - D_nozzle,,
13,15,SUBSTRACTS,REFERENCE,0.4,Page 8,F = F_n - D_inlet - D_nozzle,,
14,167,IS_CAUSED_BY,REFERENCE,0.4,Page 8,Drag associated with the engine intake aerodynamic forces.,,
15,168,IS_CAUSED_BY,REFERENCE,0.4,Page 8,Drag associated with the exhaust aft-end geometry and flow field.,,
16,169,DEFINED_AS,REFERENCE,0.4,Page 11,Thrust specific fuel consumption (TSFC or S) is defined as the mass flow rate of fuel divided by the thrust.,,
17,170,INDICATES,REFERENCE,0.4,Page 11,Lower TSFC indicates a more fuel-efficient engine for a given thrust requirement.,,
18,171,MEASURES,REFERENCE,0.4,Page 12,Thermal efficiency is the ratio of the rate of kinetic energy production to the thermal power input from fuel.,,
19,172,MEASURES,REFERENCE,0.4,Page 12,Propulsive efficiency measures how effectively the engine's kinetic energy output is converted into aircraft propulsive power.,,
20,173,PRODUCT_OF,REFERENCE,0.4,Page 13,The overall efficiency of a propulsion system is the product of its thermal and propulsive efficiencies.,,
21,174,DEFINED_AS,REFERENCE,0.4,Page 15,Specific thrust is the thrust produced per unit mass flow rate of air entering the engine.,,
22,175,DEFINED_AS,REFERENCE,0.4,Page 16,The bypass ratio (alpha) is the ratio of the mass flow rate bypassing the core to the mass flow rate passing through the core.,,
23,176,ASSOCIATED_WITH,REFERENCE,0.4,Page 17,High bypass ratio engines generally provide lower TSFC at subsonic cruise speeds.,,
24,177,EXPRESSES,REFERENCE,0.4,Page 47,The continuity equation expresses the principle of conservation of mass for a control volume.,,
25,178,EXPRESSES,REFERENCE,0.4,Page 48,The momentum equation expresses Newton's second law of motion for a fluid passing through a control volume.,,
26,179,EXPRESSES,REFERENCE,0.4,Page 49,The energy equation is a statement of the first law of thermodynamics applied to a fluid flowing through a control volume.,,
27,180,DEFINED_AS,REFERENCE,0.4,Page 47,A flow is defined as steady if its properties at any point within the control volume do not vary with time.,,
28,181,DEFINED_AS,REFERENCE,0.4,Page 47,A flow is one-dimensional if the fluid properties are uniform across any cross section perpendicular to the flow direction.,,
29,182,OBEYS,REFERENCE,0.4,Page 50,A perfect gas is a gas whose intermolecular forces are negligible and obeys the thermal equation of state P = rho*R*T.,,
30,183,HAS,REFERENCE,0.4,Page 50,A calorically perfect gas is a perfect gas with constant specific heats (c_p and c_v are constants).,,
31,184,CALCULATED_BY,REFERENCE,0.4,Page 51,The speed of sound 'a' in a calorically perfect gas is given by a = sqrt(gamma * R * T).,,
32,185,DEFINED_AS,REFERENCE,0.4,Page 51,The Mach number M is defined as the ratio of the local fluid velocity V to the local speed of sound 'a'.,,
33,186,HAS,REFERENCE,0.4,Page 51,Flow where the local Mach number is strictly less than 1.0.,,
34,187,HAS,REFERENCE,0.4,Page 51,Flow where the local Mach number is strictly greater than 1.0.,,
35,188,HAS,REFERENCE,0.4,Page 51,Flow where the local Mach number is exactly equal to 1.0.,,
36,189,INDICATES,REFERENCE,0.4,Page 52,Stagnation temperature (or total temperature) T_t represents the temperature achieved when a fluid is decelerated to zero velocity adiabatically.,,
36,190,INCREASES_DUE_TO,REFERENCE,0.4,Page 52,The increase in temperature associated with deceleration of a high-speed flow is called aerodynamic heating.,,
37,191,DEFINED_AS,REFERENCE,0.4,Page 52,Stagnation pressure (or total pressure) P_t is the pressure attained when a fluid is brought to rest isentropically.,,
38,192,HAS,REFERENCE,0.4,Page 53,An isentropic flow is both adiabatic and reversible; entropy remains constant along a streamline.,,
39,193,DESCRIBES,REFERENCE,0.4,Page 56,The area-Mach number relation links the cross-sectional area of a duct to the local Mach number for an isentropic flow.,,
40,34,DECELERATES,REFERENCE,0.4,Page 57,"In a convergent duct, a supersonic flow slows down (Mach number decreases).",,
40,33,ACCELERATES,REFERENCE,0.4,Page 57,"In a convergent duct, a subsonic flow speeds up (Mach number increases).",,
41,34,ACCELERATES,REFERENCE,0.4,Page 57,"In a divergent duct, a supersonic flow accelerates (Mach number increases).",,
41,33,DECELERATES,REFERENCE,0.4,Page 57,"In a divergent duct, a subsonic flow decelerates (Mach number decreases).",,
42,194,IS_MINIMUM_AREA_OF,REFERENCE,0.4,Page 57,"The location of minimum cross-sectional area is called the throat, where the Mach number can reach unity.",,
43,195,OCCURS_AT,REFERENCE,0.4,Page 59,"When the Mach number at the throat reaches unity, the mass flow rate through the nozzle reaches its maximum possible value and is said to be choked.",,
44,196,IS_A,REFERENCE,0.4,Page 65,A normal shock wave is a thin discontinuity perpendicular to the flow direction that can occur only in supersonic flow.,,
44,197,CHANGES_FLOW_FROM,REFERENCE,0.4,Page 66,The Mach number always drops from a supersonic value upstream to a subsonic value downstream of a normal shock.,,
44,198,INCREASES,REFERENCE,0.4,Page 68,Static pressure increases significantly across a normal shock wave.,,
44,199,INCREASES,REFERENCE,0.4,Page 68,Static temperature increases across a normal shock wave.,,
44,200,DECREASES,REFERENCE,0.4,Page 68,"The total pressure decreases across a normal shock, which represents an irreversibility (entropy rise) in the flow.",,
44,36,CONSERVES,REFERENCE,0.4,Page 66,"Because a shock wave is adiabatic, the stagnation temperature remains constant across it.",,
45,201,REFERS_TO,REFERENCE,0.4,Page 74,Fanno flow refers to adiabatic flow in a constant-area duct with friction.,,
45,202,DRIVES_MACH_NUMBER_TOWARD,REFERENCE,0.4,Page 76,"Friction always drives the Mach number toward unity in Fanno flow, whether the inlet flow is subsonic or supersonic.",,
46,203,REFERS_TO,REFERENCE,0.4,Page 81,Rayleigh flow refers to frictionless flow in a constant-area duct with heat transfer (heating or cooling).,,
47,204,OCCURS_DUE_TO,REFERENCE,0.4,Page 83,Maximum heat addition in a Rayleigh flow occurs when the Mach number reaches unity; further heating causes thermal choking.,,
48,200,DECREASES,REFERENCE,0.4,Page 84,Adding heat to a constant-area flow always results in a decrease in total pressure.,,
49,159,CARRIES,REFERENCE,0.4,Page 113,"A rocket engine carries both its fuel and its oxidizer, allowing it to operate in a vacuum outside the atmosphere.",,
50,205,CONSISTS_OF,REFERENCE,0.4,Page 114,The total thrust of a rocket is the sum of the momentum thrust and the pressure thrust: F = m_dot * V_e + (P_e - P_a) * A_e.,,
51,206,CALCULATED_BY,REFERENCE,0.4,Page 114,The component of thrust generated by the change in momentum of the exhaust gas (m_dot * V_e).,,
52,207,CALCULATED_BY,REFERENCE,0.4,Page 114,The component of thrust due to the difference between exit pressure and ambient pressure ((P_e - P_a) * A_e).,,
53,208,DEFINED_AS,REFERENCE,0.4,Page 114,"The effective exhaust velocity C is defined such that F = m_dot * C, which combines momentum and pressure effects.",,
54,209,DEFINED_AS,REFERENCE,0.4,Page 114,Specific impulse I_sp is the thrust divided by the propellant weight flow rate at sea level: I_sp = F / (m_dot * g_0).,,
55,210,INDICATES,REFERENCE,0.4,Page 116,"The characteristic velocity c* is a measure of the combustion chemical energy and efficiency, independent of nozzle characteristics.",,
55,211,CALCULATED_FROM,REFERENCE,0.4,Page 116,c* = (P_c * A_t) / m_dot. It depends primarily on combustion temperature and molecular weight.,,
56,212,INDICATES,REFERENCE,0.4,Page 116,The thrust coefficient C_f measures the amplification of thrust achieved by expanding the gas through the nozzle.,,
56,213,CALCULATED_FROM,REFERENCE,0.4,Page 116,C_f = F / (P_c * A_t). It is a function of the pressure ratio and area ratio of the nozzle.,,
57,214,OCCURS_WHEN,REFERENCE,0.4,Page 117,Maximum thrust for a given propellant mass flow and chamber condition occurs when the nozzle exit pressure equals the ambient pressure (P_e = P_a).,,
58,215,HAS,REFERENCE,0.4,Page 117,A nozzle is overexpanded if the exit pressure is lower than the surrounding ambient atmospheric pressure.,,
59,58,OCCURS_IN,REFERENCE,0.4,Page 118,"When a nozzle is highly overexpanded, oblique shocks or flow separation occur at the nozzle exit.",,
60,216,HAS,REFERENCE,0.4,Page 117,A nozzle is underexpanded if the gas exits at a pressure higher than the ambient atmospheric pressure.,,
61,60,OCCUR_OUTSIDE,REFERENCE,0.4,Page 118,Further expansion takes place outside the nozzle exit through expansion fans when P_e > P_a.,,
62,217,USES,REFERENCE,0.4,Page 120,Liquid rocket systems utilize liquid chemical propellants stored in separate tanks.,,
63,218,DELIVERS,REFERENCE,0.4,Page 120,High-thrust liquid rockets use turbopumps driven by a gas generator to force propellants into the high-pressure chamber.,,
64,219,USES,REFERENCE,0.4,Page 120,A simpler feed system that uses regulated high-pressure gas to push propellants into the combustion chamber.,,
65,66,CONTAINS,REFERENCE,0.4,Page 124,A solid rocket motor stores its fuel and oxidizer intimately mixed together as a solid block called the grain.,,
66,220,BURNS_ALONG,REFERENCE,0.4,Page 124,Combustion takes place on the internal surfaces of the hollow cavity inside the solid grain.,,
67,221,DEFINED_AS,REFERENCE,0.4,Page 125,A grain geometry that causes the burning surface area (and therefore thrust) to increase over time.,,
68,222,DEFINED_AS,REFERENCE,0.4,Page 125,A grain geometry that causes the burning surface area (and therefore thrust) to decrease over time.,,
69,223,DEFINED_AS,REFERENCE,0.4,Page 125,A grain geometry where the burning surface area remains relatively constant during the burn.,,
70,224,RELATES,REFERENCE,0.4,Page 138,"The ideal rocket equation (Tsiolkovsky equation) is Delta_V = C * ln(m_i / m_f), neglecting gravity and drag.",,
71,225,CONSISTS_OF,REFERENCE,0.4,Page 138,m_i = m_PL + m_s + m_p.,,
72,226,DEFINED_AS,REFERENCE,0.4,Page 139,The structural coefficient (epsilon) is the ratio of the structural mass to the sum of the structural and propellant masses.,,
73,227,DROPS,REFERENCE,0.4,Page 142,Multistage rockets discard the dead weight of empty tanks and structures of depleted stages to achieve higher final velocities.,,
74,228,DEFINED_AS,REFERENCE,0.4,Page 142,The ratio of the carried payload mass to the initial total mass of that specific rocket stage.,,
75,229,OBJECTIVE,REFERENCE,0.4,Page 195,The objective of parametric cycle analysis is to relate the engine performance parameters to the design choices and the flight environment.,,
76,230,STANDARDIZED_BY,REFERENCE,0.4,Page 196,"The gas turbine industry utilizes standard station numbering (e.g., 0 for ambient, 2 for compressor inlet, 3 for compressor exit, 4 for turbine inlet, 5 for turbine exit, 9 for nozzle exit).",,
77,231,ASSUMES,REFERENCE,0.4,Page 196,Ideal cycle analysis assumes that the compression and expansion processes are reversible and adiabatic (isentropic).,,
77,232,ASSUMES,REFERENCE,0.4,Page 196,It is assumed that combustion occurs at constant total pressure (no pressure drop in the combustor).,,
77,30,ASSUMES,REFERENCE,0.4,Page 196,The working fluid is assumed to be a calorically perfect gas with constant specific heats throughout the engine.,,
77,233,NEGLECTS,REFERENCE,0.4,Page 196,The mass flow rate of fuel is neglected relative to the air mass flow rate in ideal performance matching (m_dot_f << m_dot_a).,,
78,234,DEFINED_AS,REFERENCE,0.4,Page 205,The dimensionless parameter tau represents the ratio of stagnation temperatures across a component.,,
79,235,DEFINED_AS,REFERENCE,0.4,Page 205,The dimensionless parameter pi represents the ratio of stagnation pressures across a component.,,
80,236,OBEYS,REFERENCE,0.4,Page 205,"For ideal isentropic components (compressor or turbine), the total pressure ratio and total temperature ratio are directly coupled.",,
81,237,HAS_ZERO_THRUST_AT,REFERENCE,0.4,Page 207,"For a given maximum turbine inlet temperature, the specific thrust of an ideal turbojet drops to zero at a specific upper flight Mach number limit.",,
21,238,MAXIMIZED_BY,REFERENCE,0.4,Page 210,"For a fixed flight condition and turbine inlet temperature, there is an optimum compressor pressure ratio that maximizes the specific thrust of a turbojet.",,
82,239,INCREASES,REFERENCE,0.4,Page 215,An afterburner increases the total temperature of the gas entering the exhaust nozzle without affecting the turbomachinery core.,,
82,21,INCREASES,REFERENCE,0.4,Page 215,The afterburner significantly increases the specific thrust by raising the exhaust velocity.,,
82,16,INCREASES,REFERENCE,0.4,Page 215,Afterburner operation causes a dramatic increase in TSFC due to fuel addition at lower pressure levels.,,
83,240,SPLITS_FLOW_INTO,REFERENCE,0.4,Page 218,A turbofan engine divides the incoming air into a primary core stream and a secondary bypass stream.,,
84,241,DEFINED_AS,REFERENCE,0.4,Page 218,alpha = m_dot_bypass / m_dot_core.,,
85,161,DRIVES,REFERENCE,0.4,Page 218,"In a turbofan, a low-pressure turbine extracts energy from the core flow to drive the fan.",,
83,81,HAS_LOWER_TSFC_THAN,REFERENCE,0.4,Page 220,"At subsonic cruise speeds, an ideal turbofan offers a significantly lower TSFC than a turbojet because of its higher propulsive efficiency.",,
86,16,MINIMIZED,REFERENCE,0.4,Page 224,There exists an mathematically optimum bypass ratio for a given core design that yields the absolute minimum TSFC.,,
87,242,HAS_NO,REFERENCE,0.4,Page 226,A ramjet engine has no compressor or turbine; compression is achieved entirely through the dynamic pressure rise in the inlet.,,
87,243,PRODUCES,REFERENCE,0.4,Page 226,An ideal ramjet cannot produce any thrust at zero flight velocity (Mach = 0) because it lacks a mechanical compressor.,,
88,244,REQUIRES,REFERENCE,0.4,Page 221,"For an unmixed ideal turbofan, the optimum kinetic energy distribution occurs when the exit velocity of the bypass nozzle equals the exit velocity of the core nozzle.",,
89,245,QUANTIFIED_BY,REFERENCE,0.4,Page 289,"The performance of real components is characterized by total temperature ratios, total pressure ratios, efficiencies, and pressure losses.",,
90,246,CHARACTERIZED_BY,REFERENCE,0.4,Page 290,"The performance of the inlet (or diffuser) is primarily characterized by its total pressure ratio, pi_d = P_t2 / P_t0, also called the inlet recovery factor.",,
91,247,DEPENDS_ON,REFERENCE,0.4,Page 290,Military specifications (like MIL-E-5007D) define standard inlet recovery curves that decrease as the flight Mach number increases above 1.0.,,
92,248,DEFINED_AS,REFERENCE,0.4,Page 292,The ratio of the actual mass flow entered into the inlet to the maximum possible mass flow that the capture area can intercept.,,
93,249,CHARACTERIZED_BY,REFERENCE,0.4,Page 294,The isentropic compressor efficiency eta_c is defined as the ratio of ideal (isentropic) work to the actual work required for a given total pressure ratio.,,
94,250,CALCULATED_FROM,REFERENCE,0.4,Page 294,"tau_c = 1 + (pi_c^((gamma-1)/gamma) - 1) / eta_c, which links actual temperature rise to pressure ratio.",,
95,251,DEFINED_AS,REFERENCE,0.4,Page 296,"Polytropic efficiency (e_c for compressor, e_t for turbine) is defined as the isentropic efficiency of an elemental or infinitesimal stage.",,
96,252,DECREASES_WITH,REFERENCE,0.4,Page 297,"For a constant polytropic efficiency e_c, the overall isentropic compressor efficiency eta_c drops as the total pressure ratio pi_c increases due to the preheating effect.",,
5,253,CHARACTERIZED_BY,REFERENCE,0.4,Page 301,The isentropic turbine efficiency eta_t is defined as the ratio of actual work output to the ideal (isentropic) work output for a given total pressure ratio.,,
97,250,CALCULATED_FROM,REFERENCE,0.4,Page 301,"tau_t = 1 - eta_t * (1 - pi_t^((gamma-1)/gamma)), which relates the temperature drop to the expansion pressure ratio.",,
98,252,INCREASES_WITH,REFERENCE,0.4,Page 302,"For a constant polytropic efficiency e_t, the overall isentropic turbine efficiency eta_t rises as the pressure ratio increases due to the reheating effect.",,
99,254,CHARACTERIZED_BY,REFERENCE,0.4,Page 305,Combustion efficiency eta_b is the ratio of the actual thermal energy released to the chemical energy available in the fuel.,,
100,255,QUANTIFIED_BY,REFERENCE,0.4,Page 306,The total pressure ratio of the combustor pi_b = P_t4 / P_t3 is always less than 1.0 due to viscous friction and cold-to-hot flow momentum pressure drop.,,
100,256,CAUSED_BY,REFERENCE,0.4,Page 306,Total pressure drops because of skin friction in the liner liners/swirlers and the fundamental thermodynamic loss from adding heat at finite Mach numbers.,,
101,257,CHARACTERIZED_BY,REFERENCE,0.4,Page 308,The efficiency eta_AB measures how completely the fuel burns in the afterburner duct upstream of the exit nozzle.,,
102,258,QUANTIFIED_BY,REFERENCE,0.4,Page 308,"The total pressure ratio pi_AB = P_t7 / P_t6 account for losses due to flameholders, friction, and high-temperature heat addition.",,
103,259,CHARACTERIZED_BY,REFERENCE,0.4,Page 309,Mechanical efficiency eta_m accounts for frictional power losses in bearings and accessory gearboxes connecting the turbine and compressor shafts.,,
104,260,CHARACTERIZED_BY,REFERENCE,0.4,Page 310,"The exhaust nozzle performance is characterized by its total pressure ratio pi_n = P_t9 / P_t7, which represents friction losses in the nozzle duct.",,
105,261,REDUCES,REFERENCE,0.4,Page 312,"An angularity factor (or divergence factor C_ang) accounts for the non-axial exit velocity vector at the nozzle plane, reducing net thrust.",,
106,262,REDUCES,REFERENCE,0.4,Page 314,Extraction of mechanical shaft power (P_TO) to run aircraft accessories directly reduces the turbine power available to drive the compressor.,,
107,263,REDUCES,REFERENCE,0.4,Page 314,Extracting high-pressure compressed air from the compressor exit for cabin environmental control systems (ECS) or turbine blade cooling reduces the downstream mass flow.,,
108,264,REDUCES,REFERENCE,0.4,Page 315,Reintroducing relatively cool bleed air into the turbine stages for blade cooling causes aerodynamic mixing losses and lowers the effective total temperature of the gas.,,
109,265,ACCOUNTS_FOR,REFERENCE,0.4,Page 401,"Analysis of real rocket engines requires accounting for non-ideal effects including nozzle efficiency, incomplete combustion, heat transfer, and complex chemical behaviors.",,
110,266,DIFFERS_FROM,REFERENCE,0.4,Page 402,"Due to high-velocity combustion and friction inside the chamber, the total pressure drops from the injector head to the nozzle throat entrance.",,
111,267,CHARACTERIZED_BY,REFERENCE,0.4,Page 403,Nozzle efficiency eta_n is defined as the ratio of actual kinetic energy change to the ideal isentropic kinetic energy change across the nozzle.,,
112,268,DEFINED_AS,REFERENCE,0.4,Page 404,The velocity coefficient C_v relates the actual exhaust velocity to the ideal velocity; typically C_v equals the square root of nozzle efficiency.,,
113,269,MEASURES,REFERENCE,0.4,Page 405,"The discharge coefficient C_d is the ratio of actual mass flow rate to the ideal isentropic mass flow rate, accounting for boundary layer displacement.",,
114,270,REDUCES,REFERENCE,0.4,Page 407,Failure to achieve perfect chemical equilibrium or full mixing of oxidizer and fuel lowers the combustion temperature T_c below its theoretical adiabatic value.,,
115,271,QUANTIFIED_BY,REFERENCE,0.4,Page 407,Combustion efficiency is often expressed as the ratio of actual characteristic velocity (c*_actual) to the theoretical characteristic velocity (c*_theoretical).,,
116,272,ASSUMES,REFERENCE,0.4,Page 410,Frozen flow assumes that the chemical composition of the exhaust gas remains constant (fixed at chamber exit state) during expansion through the nozzle.,,
117,273,ASSUMES,REFERENCE,0.4,Page 410,"Equilibrium flow assumes that chemical reactions occur instantaneously as pressure and temperature drop, continually adjusting composition to maintain local equilibrium.",,
117,274,YIELDS,REFERENCE,0.4,Page 412,Equilibrium flow gives higher calculated exhaust velocity and specific impulse than frozen flow because chemical recombination energy is recovered as kinetic energy.,,
118,275,LIES_BETWEEN,REFERENCE,0.4,Page 413,The actual expansion process in a real rocket nozzle falls between the ideal frozen and shifting equilibrium bounds.,,
119,276,REDUCES,REFERENCE,0.4,Page 415,Heat loss through the chamber walls and nozzle liners directly reduces the thermal energy available for conversion into kinetic energy.,,
120,277,ROUTES,REFERENCE,0.4,Page 418,Regenerative cooling pumps the fuel or oxidizer through passages surrounding the thrust chamber wall to absorb heat before injection.,,
120,278,RECOVERS,REFERENCE,0.4,Page 418,"The heat absorbed by the coolant is reintroduced into the combustion chamber, preventing a net thermodynamic energy loss.",,
121,279,CREATES,REFERENCE,0.4,Page 420,Injecting a small portion of fuel or inert gas along the internal wall creates a protective film that shields the structure from high-temperature core gases.,,
122,280,CLASSIFIED_TO,REFERENCE,0.4,Page 422,Liquid rocket engine cycles are classified into pressure-fed systems or pump-fed systems based on how propellants are pressurized.,,
123,124,CLASSIFIED_TO,REFERENCE,0.4,Page 424,A pump-fed open cycle where a fraction of the propellant is burned in a separate combustor to drive the turbine and is then exhausted overboard.,,
123,125,CLASSIFIED_TO,REFERENCE,0.4,Page 427,A high-pressure closed cycle where all pre-burner or gas-generator exhaust gases are directed into the main combustion chamber.,,
123,281,CLASSIFIED_TO,REFERENCE,0.4,Page 431,A closed cycle where fuel is vaporized in the cooling jacket and then routes directly through the turbine to drive the pumps before entering the injector.,,
124,282,LIMITS,REFERENCE,0.4,Page 425,The gas generator must operate off-stoichiometric (extremely fuel-rich or oxidizer-rich) to prevent melting the turbine blades.,,
125,283,ENABLES,REFERENCE,0.4,Page 428,"Because the turbine exhaust is injected into the main chamber rather than dumped at low pressure, it allows extremely high chamber pressures (P_c) and higher efficiency.",,
126,284,REQUIRES,REFERENCE,0.4,Page 435,"In steady-state pump-fed cycles, the power produced by the turbine must equal the total mechanical power required to drive the oxidizer and fuel pumps.",,
127,285,DEPENDS_ON,REFERENCE,0.4,Page 436,"The required shaft power for a propellant pump is proportional to the mass flow rate and pressure rise, divided by the pump efficiency (eta_p).",,
128,286,ACCOUNTS_FOR,REFERENCE,0.4,Page 445,"Real engine cycle analysis incorporates component efficiencies, pressure losses, mechanical losses, and bleeding to predict realistic performance.",,
79,287,AFFECTED_BY,REFERENCE,0.4,Page 445,"In real engines, component total pressure ratios (like pi_d, pi_b, pi_n) are less than 1.0 due to friction and shock waves.",,
129,288,CALCULATES_THRUST_FROM,REFERENCE,0.4,Page 448,The net thrust of a real turbojet must account for exit velocity variations caused by nozzle efficiency (eta_n) and incomplete expansion.,,
130,289,REDUCED_BY,REFERENCE,0.4,Page 452,"Irreversibilities in the compressor and turbine increase entropy, directly decreasing the specific thrust and increasing the TSFC.",,
131,290,CONSTRAINED_BY,REFERENCE,0.4,Page 456,"In a real turbojet, the turbine temperature drop is determined by the actual power required to drive the compressor: tau_t = 1 - (tau_lambda / tau_r) * (tau_c - 1) / (eta_m * (1 + f)).",,
132,291,CALCULATED_FROM,REFERENCE,0.4,Page 458,The actual fuel-air ratio f accounts for combustor efficiency eta_b and variable specific heats across the burner.,,
133,292,REQUIRES,REFERENCE,0.4,Page 465,"The afterburner burns remaining oxygen in the turbine exhaust gas, but its efficiency (eta_AB) is lower than the main combustor.",,
133,293,CAUSES,REFERENCE,0.4,Page 466,Adding heat at a finite Mach number inside the afterburner duct causes a fundamental thermal total pressure drop (Rayleigh effect).,,
134,294,HAS_TWO_STREAMS,REFERENCE,0.4,Page 472,Real turbofan cycle analysis must track the independent losses and state changes in both the core and the fan bypass duct.,,
134,295,CLASSIFIED_TO,REFERENCE,0.4,Page 473,An engine configuration where the core and bypass streams exhaust through separate independent nozzles.,,
134,296,CLASSIFIED_TO,REFERENCE,0.4,Page 485,An engine configuration where the core and bypass streams mix in a common mixer component before expanding through a single nozzle.,,
135,297,REQUIRES,REFERENCE,0.4,Page 486,"For proper aerodynamic mixing, the core and bypass streams must enter the mixer at substantially equal static pressures (P_5 = P_15).",,
136,298,QUANTIFIED_BY,REFERENCE,0.4,Page 488,"Aerodynamic mixing of streams with different total temperatures and velocities introduces viscous shearing losses, reducing overall total pressure.",,
86,299,SHIFTS_WITH,REFERENCE,0.4,Page 492,Lower component efficiencies (like lower fan or turbine efficiency) shift the optimum bypass ratio (alpha) toward lower values compared to ideal cycles.,,
137,300,MAXIMIZES,REFERENCE,0.4,Page 495,There is a distinct optimum fan pressure ratio (pi_f) that maximizes specific thrust or minimizes TSFC for a given bypass ratio and core technology.,,
138,301,DELIVERS,REFERENCE,0.4,Page 502,A real turboprop splits the available turbine energy into shaft power to drive the propeller and a small amount of jet thrust from the exhaust.,,
139,302,MEASURES,REFERENCE,0.4,Page 503,The efficiency with which the propeller converts the brake shaft horsepower into effective aircraft propulsive power.,,
140,303,DEFINED_AS,REFERENCE,0.4,Page 505,"For turboprops, ESFC (or S_e) combines the propeller shaft power and residual jet thrust into a single performance parameter.",,
141,304,OPTIMIZED_BY,REFERENCE,0.4,Page 508,There is an optimum balance between how much expansion occurs in the turbine (for shaft power) versus the exhaust nozzle (for jet thrust) to maximize total equivalent thrust.,,
107,16,INCREASES,REFERENCE,0.4,Page 515,"Extracting compressed air from the core compressor exit for aircraft usage causes an immediate penalty, reducing thrust and increasing TSFC.",,
106,305,INCREASES,REFERENCE,0.4,Page 516,"Extracting mechanical power from the shaft forces the turbine to work harder, which reduces the total enthalpy available for the exhaust jet.",,
142,306,OBJECTIVE,REFERENCE,0.4,Page 545,Engine performance analysis (or off-design analysis) predicts the performance of a specific engine across various flight conditions and throttle settings.,,
143,307,CONSTRAINS,REFERENCE,0.4,Page 545,"For a built engine, the physical throat areas of turbines and nozzles are geometrically fixed, which locks the aerodynamic coupling.",,
144,308,DEFINED_AS,REFERENCE,0.4,Page 551,"Corrected mass flow rate m_dot_c is defined as m_dot * sqrt(theta) / delta, allowing data from different conditions to be collapsed onto a single curve.",,
145,309,DEFINED_AS,REFERENCE,0.4,Page 551,N_c = N / sqrt(theta). It relates the blade tip Mach number to the aerodynamic performance of turbomachinery.,,
146,310,REQUIRES,REFERENCE,0.4,Page 558,"Steady-state off-design operation requires that the mass flow entering a component matches downstream constraints, and the turbine power balances the compressor power.",,
147,311,FIXES,REFERENCE,0.4,Page 563,"If the high-pressure turbine nozzle guides are choked, the corrected mass flow exiting the compressor remains essentially constant, creating a fixed pumping constraint.",,
148,312,DETERMINED_BY,REFERENCE,0.4,Page 565,The steady-state compressor operating line on a compressor map is determined by the fixed throat area of the downstream turbine and exhaust nozzle.,,
149,313,DETERMINES,REFERENCE,0.4,Page 572,"When the convergent exhaust nozzle is choked, the operating pressure ratio across the turbine becomes independent of ambient pressure.",,
150,314,REGULATES,REFERENCE,0.4,Page 598,The fuel control unit (FCU) adjusts the fuel flow to match pilot thrust demands while keeping the engine within safety limits.,,
151,315,INCLUDES,REFERENCE,0.4,Page 599,Mechanical stress restricts the maximum physical or corrected rotational speed of the fan spool.,,
151,316,INCLUDES,REFERENCE,0.4,Page 599,Structural casing design restricts the maximum compressor exit pressure (P_t3) to prevent burst failure.,,
151,317,INCLUDES,REFERENCE,0.4,Page 599,Material thermal properties restrict the maximum allowable gas temperature entering the turbine blades (T_t4).,,
152,318,DEFINES,REFERENCE,0.4,Page 612,Theta_break represents the ambient temperature point where the engine control transitions from limiting maximum compressor pressure ratio to limiting maximum turbine inlet temperature.,,
153,319,LIMITED_BY,REFERENCE,0.4,Page 612,"At low ambient temperatures (below theta_break), the engine is typically limited by mechanical limits like pressure or spool speed.",,
154,317,LIMITED_BY,REFERENCE,0.4,Page 612,"At high ambient temperatures (above theta_break), the engine control reduces fuel flow to protect the turbine from overheating, dropping the thrust.",,
155,320,PLOTS,REFERENCE,0.4,Page 620,A throttle hook is a curve showing the relationship between thrust and thrust specific fuel consumption at a constant flight condition as the throttle is varied.,,
156,321,REQUIRES,REFERENCE,0.4,Page 635,"During acceleration, the turbine power must exceed the compressor power to accelerate the spool rotor inertia, causing the operating line to transiently swing toward the stall line.",,
322,289,MODIFIED_BY,CROSS_DOMAIN,0.9,,第4章理想循环被第5章引入的摩擦与非等熵损失修正,热力学耦合,The realistic engine cycle analysis (Chapter 7) modifies the ideal Brayton cycle (Chapter 4) by incorporating polytropic efficiencies and pressure drops (Chapter 5).
77,128,EVOLVES_INTO,CROSS_DOMAIN,0.9,,第4章的理想参数体系在第7章全面重构为真实热力学方程,热力学耦合,Equations for ideal parametric analysis in Chapter 4 are expanded in Chapter 7 to account for real component behavior from Chapter 5.
323,148,DETERMINES_OFF_DESIGN,CROSS_DOMAIN,0.9,,第4/7章设计的部件几何面积在第8章非设计点分析中成为刚性约束,刚性锁定,The physical throat area of the components designed in Chapters 4 and 7 acts as a geometric constraint that fixes the operating line in Chapter 8.
324,331,CONSTRAIN,CROSS_DOMAIN,0.9,,第4和第7章选定的设计点参数在第8章转化为定型发动机的运行边界,热力学耦合,Reference design choices (Chapters 4 & 7) define the fixed constants (like turbine area) needed for off-design performance evaluation (Chapter 8).
325,194,APPLIED_TO,CROSS_DOMAIN,0.9,,第2章的一维等熵流动公式直接应用于第3章火箭喷管和第4/5章喷管设计,热力学耦合,Isentropic area-Mach relations from Chapter 2 are directly utilized to design rocket nozzles in Chapter 3 and exhaust nozzles in Chapters 4 and 5.
326,332,CAUSES_LOSS_IN,CROSS_DOMAIN,0.9,,第2章的正激波总压损失直接导致了第5/7章中超声速进气道总压恢复系数pi_d的下降,热力学耦合,The total pressure drop across a normal shock (Chapter 2) explains the reduction of inlet recovery pi_d in supersonic flight (Chapters 5 and 7).
47,333,LIMITS,CROSS_DOMAIN,0.9,,第2章Rayleigh流中的热壅塞现象在第5/7/8章中限制了燃烧室和加力燃烧室的最大加热量,热力学耦合,"The foundational physics of Rayleigh flow and thermal choking (Chapter 2) constraint the maximum fuel injection in burners (Chapters 5, 7, and 8)."
327,334,IMPOSES,CROSS_DOMAIN,0.9,,第2章截面马赫数等于1的壅塞状态在第8章演变为涡轮导向器和喷管对整机流量的控制规律,热力学耦合,The throat choking criterion (Chapter 2) becomes the fundamental law regulating component mass flow matching in off-design operation (Chapter 8).
50,335,EXPANDED_BY,CROSS_DOMAIN,0.9,,第3章的理想推力方程在第6章中被非等熵喷管效率和冻结/平衡流化学反应修正,热力学耦合,The ideal rocket thrust relations (Chapter 3) are modified in Chapter 6 by implementing nozzle velocity coefficients and shifting/frozen chemical behaviors.
328,126,COUPLED_WITH,CROSS_DOMAIN,0.9,,第3章计算推力所需的燃料/氧化剂流量在第6章中必须满足涡轮泵动力循环的功率平衡,热力学耦合,The design propellant mass flow derived from Chapter 3 specific impulse requirements must satisfy the pump-turbine shaft power matching in Chapter 6.
100,336,CAUSES_SHIFT_IN,CROSS_DOMAIN,0.9,,第5章引入的燃烧室粘性与加热损失会导致第7章计算的真实最佳涵道比向低值偏移,热力学耦合,The combustor and duct pressure losses detailed in Chapter 5 directly reduce the theoretical optimum bypass ratio when evaluated in Chapter 7 real cycles.
95,337,USED_TO_PREDICT,CROSS_DOMAIN,0.9,,第5章定义的多方效率被直接作为输入量用于第7章和第8章的整机热力计算,热力学耦合,The stage-independent polytropic efficiencies defined in Chapter 5 are used as fundamental inputs for real cycle (Chapter 7) and off-design (Chapter 8) math models.
329,338,TRIGGERS,CROSS_DOMAIN,0.9,,第5章提到的涡轮耐温极限在第8章中触发了整机控制规律从限制压比向限制涡前温度的转折,热力学耦合,The metallurgical temperature limit of turbine blades (Chapter 5) establishes the boundary for the hot-day Theta_break control logic (Chapter 8).
330,16,INCREASES,CROSS_DOMAIN,0.9,,第5章详述的加力燃烧室总压损失放大了第7章中真实加力发动机的耗油率 penalty,正相关,The fundamental thermal pressure drop in afterburners (Chapter 5 Rayleigh effect) severely penalizes the real augmented TSFC calculated in Chapter 7.
5,18,AFFECTS,PROPAGATION,0.95,,Turbine affects Thermal efficiency,,
5,19,AFFECTS,PROPAGATION,0.95,,Turbine affects Propulsive efficiency,,
5,20,AFFECTS,PROPAGATION,0.95,,Turbine affects Overall efficiency,,
5,95,AFFECTS,PROPAGATION,0.95,,Turbine affects Polytropic efficiency,,
5,115,AFFECTS,PROPAGATION,0.95,,Turbine affects Combustion efficiency,,
5,130,AFFECTS,PROPAGATION,0.95,,Turbine affects Real turbojet efficiency,,
5,136,AFFECTS,PROPAGATION,0.95,,Turbine affects Mixer efficiency,,
5,139,AFFECTS,PROPAGATION,0.95,,Turbine affects Propeller efficiency eta_prop,,
5,173,AFFECTS,PROPAGATION,0.95,,Turbine affects Thermal efficiency and Propulsive efficiency,,
5,249,AFFECTS,PROPAGATION,0.95,,Turbine affects Isentropic efficiency eta_c,,
5,250,AFFECTS,PROPAGATION,0.95,,Turbine affects Isentropic efficiency and Total pressure ratio,,
5,251,AFFECTS,PROPAGATION,0.95,,Turbine affects Isentropic efficiency of an infinitesimal stage,,
5,253,AFFECTS,PROPAGATION,0.95,,Turbine affects Isentropic efficiency eta_t,,
5,254,AFFECTS,PROPAGATION,0.95,,Turbine affects Combustion efficiency eta_b,,
5,259,AFFECTS,PROPAGATION,0.95,,Turbine affects Mechanical efficiency eta_m,,
36,75,USED_IN,PROPAGATION,0.85,,Stagnation temperature used in Parametric cycle analysis,,
36,77,USED_IN,PROPAGATION,0.85,,Stagnation temperature used in Ideal cycle analysis,,
36,122,USED_IN,PROPAGATION,0.85,,Stagnation temperature used in Liquid rocket cycle,,
36,123,USED_IN,PROPAGATION,0.85,,Stagnation temperature used in Pump-fed cycle,,
36,124,USED_IN,PROPAGATION,0.85,,Stagnation temperature used in Gas-generator cycle,,
36,125,USED_IN,PROPAGATION,0.85,,Stagnation temperature used in Staged combustion cycle,,
36,128,USED_IN,PROPAGATION,0.85,,Stagnation temperature used in Real cycle analysis,,
36,280,USED_IN,PROPAGATION,0.85,,Stagnation temperature used in Pressure-fed cycle,,
36,281,USED_IN,PROPAGATION,0.85,,Stagnation temperature used in Expander cycle,,
36,322,USED_IN,PROPAGATION,0.85,,Stagnation temperature used in Ideal Brayton cycle,,
37,322,USED_IN,PROPAGATION,0.85,,Stagnation pressure used in Ideal Brayton cycle,,
52,322,USED_IN,PROPAGATION,0.85,,Pressure thrust used in Ideal Brayton cycle,,
78,75,USED_IN,PROPAGATION,0.85,,Total temperature ratio tau used in Parametric cycle analysis,,
78,77,USED_IN,PROPAGATION,0.85,,Total temperature ratio tau used in Ideal cycle analysis,,
78,122,USED_IN,PROPAGATION,0.85,,Total temperature ratio tau used in Liquid rocket cycle,,
78,123,USED_IN,PROPAGATION,0.85,,Total temperature ratio tau used in Pump-fed cycle,,
78,124,USED_IN,PROPAGATION,0.85,,Total temperature ratio tau used in Gas-generator cycle,,
78,125,USED_IN,PROPAGATION,0.85,,Total temperature ratio tau used in Staged combustion cycle,,
78,128,USED_IN,PROPAGATION,0.85,,Total temperature ratio tau used in Real cycle analysis,,
78,280,USED_IN,PROPAGATION,0.85,,Total temperature ratio tau used in Pressure-fed cycle,,
78,281,USED_IN,PROPAGATION,0.85,,Total temperature ratio tau used in Expander cycle,,
78,322,USED_IN,PROPAGATION,0.85,,Total temperature ratio tau used in Ideal Brayton cycle,,
79,322,USED_IN,PROPAGATION,0.85,,Total pressure ratio pi used in Ideal Brayton cycle,,
85,18,AFFECTS,PROPAGATION,0.95,,Fan turbine affects Thermal efficiency,,
85,19,AFFECTS,PROPAGATION,0.95,,Fan turbine affects Propulsive efficiency,,
85,20,AFFECTS,PROPAGATION,0.95,,Fan turbine affects Overall efficiency,,
85,95,AFFECTS,PROPAGATION,0.95,,Fan turbine affects Polytropic efficiency,,
85,115,AFFECTS,PROPAGATION,0.95,,Fan turbine affects Combustion efficiency,,
85,130,AFFECTS,PROPAGATION,0.95,,Fan turbine affects Real turbojet efficiency,,
85,136,AFFECTS,PROPAGATION,0.95,,Fan turbine affects Mixer efficiency,,
85,139,AFFECTS,PROPAGATION,0.95,,Fan turbine affects Propeller efficiency eta_prop,,
85,173,AFFECTS,PROPAGATION,0.95,,Fan turbine affects Thermal efficiency and Propulsive efficiency,,
85,249,AFFECTS,PROPAGATION,0.95,,Fan turbine affects Isentropic efficiency eta_c,,
85,250,AFFECTS,PROPAGATION,0.95,,Fan turbine affects Isentropic efficiency and Total pressure ratio,,
85,251,AFFECTS,PROPAGATION,0.95,,Fan turbine affects Isentropic efficiency of an infinitesimal stage,,
85,253,AFFECTS,PROPAGATION,0.95,,Fan turbine affects Isentropic efficiency eta_t,,
85,254,AFFECTS,PROPAGATION,0.95,,Fan turbine affects Combustion efficiency eta_b,,
85,259,AFFECTS,PROPAGATION,0.95,,Fan turbine affects Mechanical efficiency eta_m,,
93,37,AFFECTS,PROPAGATION,0.95,,Compressor affects Stagnation pressure,,
93,52,AFFECTS,PROPAGATION,0.95,,Compressor affects Pressure thrust,,
93,79,AFFECTS,PROPAGATION,0.95,,Compressor affects Total pressure ratio pi,,
93,110,AFFECTS,PROPAGATION,0.95,,Compressor affects Combustion chamber pressure,,
93,135,AFFECTS,PROPAGATION,0.95,,Compressor affects Constant-pressure mixer,,
93,137,AFFECTS,PROPAGATION,0.95,,Compressor affects Optimum fan pressure ratio,,
93,191,AFFECTS,PROPAGATION,0.95,,Compressor affects Pressure at zero velocity isentropically,,
93,198,AFFECTS,PROPAGATION,0.95,,Compressor affects Static pressure,,
93,200,AFFECTS,PROPAGATION,0.95,,Compressor affects Total pressure,,
93,205,AFFECTS,PROPAGATION,0.95,,Compressor affects Momentum thrust and Pressure thrust,,
93,211,AFFECTS,PROPAGATION,0.95,,Compressor affects Chamber pressure and Throat area,,
93,213,AFFECTS,PROPAGATION,0.95,,Compressor affects Thrust and Chamber pressure,,
93,214,AFFECTS,PROPAGATION,0.95,,Compressor affects Exit pressure equals Ambient pressure,,
93,215,AFFECTS,PROPAGATION,0.95,,Compressor affects Exit pressure less than Ambient pressure,,
93,216,AFFECTS,PROPAGATION,0.95,,Compressor affects Exit pressure greater than Ambient pressure,,
93,219,AFFECTS,PROPAGATION,0.95,,Compressor affects High pressure gas tank,,
93,232,AFFECTS,PROPAGATION,0.95,,Compressor affects Constant pressure combustion,,
93,245,AFFECTS,PROPAGATION,0.95,,Compressor affects Component efficiencies and Total pressure ratios,,
93,246,AFFECTS,PROPAGATION,0.95,,Compressor affects Total pressure ratio pi_d,,
93,250,AFFECTS,PROPAGATION,0.95,,Compressor affects Isentropic efficiency and Total pressure ratio,,
93,252,AFFECTS,PROPAGATION,0.95,,Compressor affects Increasing pressure ratio,,
93,255,AFFECTS,PROPAGATION,0.95,,Compressor affects Total pressure ratio pi_b,,
93,258,AFFECTS,PROPAGATION,0.95,,Compressor affects Total pressure ratio pi_AB,,
93,260,AFFECTS,PROPAGATION,0.95,,Compressor affects Total pressure ratio pi_n,,
93,266,AFFECTS,PROPAGATION,0.95,,Compressor affects Stagnation pressure at throat,,
93,283,AFFECTS,PROPAGATION,0.95,,Compressor affects Higher chamber pressure,,
93,285,AFFECTS,PROPAGATION,0.95,,Compressor affects Volumetric flow rate and Pressure rise,,
93,288,AFFECTS,PROPAGATION,0.95,,Compressor affects Real exit velocity and pressure,,
93,308,AFFECTS,PROPAGATION,0.95,,Compressor affects Mass flow scaled by dimensionless temperature and pressure,,
93,319,AFFECTS,PROPAGATION,0.95,,Compressor affects Maximum pressure or shaft speed,,
94,37,AFFECTS,PROPAGATION,0.95,,Compressor total temperature ratio tau_c affects Stagnation pressure,,
94,52,AFFECTS,PROPAGATION,0.95,,Compressor total temperature ratio tau_c affects Pressure thrust,,
94,79,AFFECTS,PROPAGATION,0.95,,Compressor total temperature ratio tau_c affects Total pressure ratio pi,,
94,110,AFFECTS,PROPAGATION,0.95,,Compressor total temperature ratio tau_c affects Combustion chamber pressure,,
94,135,AFFECTS,PROPAGATION,0.95,,Compressor total temperature ratio tau_c affects Constant-pressure mixer,,
94,137,AFFECTS,PROPAGATION,0.95,,Compressor total temperature ratio tau_c affects Optimum fan pressure ratio,,
94,191,AFFECTS,PROPAGATION,0.95,,Compressor total temperature ratio tau_c affects Pressure at zero velocity isentropically,,
94,198,AFFECTS,PROPAGATION,0.95,,Compressor total temperature ratio tau_c affects Static pressure,,
94,200,AFFECTS,PROPAGATION,0.95,,Compressor total temperature ratio tau_c affects Total pressure,,
94,205,AFFECTS,PROPAGATION,0.95,,Compressor total temperature ratio tau_c affects Momentum thrust and Pressure thrust,,
94,211,AFFECTS,PROPAGATION,0.95,,Compressor total temperature ratio tau_c affects Chamber pressure and Throat area,,
94,213,AFFECTS,PROPAGATION,0.95,,Compressor total temperature ratio tau_c affects Thrust and Chamber pressure,,
94,214,AFFECTS,PROPAGATION,0.95,,Compressor total temperature ratio tau_c affects Exit pressure equals Ambient pressure,,
94,215,AFFECTS,PROPAGATION,0.95,,Compressor total temperature ratio tau_c affects Exit pressure less than Ambient pressure,,
94,216,AFFECTS,PROPAGATION,0.95,,Compressor total temperature ratio tau_c affects Exit pressure greater than Ambient pressure,,
94,219,AFFECTS,PROPAGATION,0.95,,Compressor total temperature ratio tau_c affects High pressure gas tank,,
94,232,AFFECTS,PROPAGATION,0.95,,Compressor total temperature ratio tau_c affects Constant pressure combustion,,
94,245,AFFECTS,PROPAGATION,0.95,,Compressor total temperature ratio tau_c affects Component efficiencies and Total pressure ratios,,
94,246,AFFECTS,PROPAGATION,0.95,,Compressor total temperature ratio tau_c affects Total pressure ratio pi_d,,
94,250,AFFECTS,PROPAGATION,0.95,,Compressor total temperature ratio tau_c affects Isentropic efficiency and Total pressure ratio,,
94,252,AFFECTS,PROPAGATION,0.95,,Compressor total temperature ratio tau_c affects Increasing pressure ratio,,
94,255,AFFECTS,PROPAGATION,0.95,,Compressor total temperature ratio tau_c affects Total pressure ratio pi_b,,
94,258,AFFECTS,PROPAGATION,0.95,,Compressor total temperature ratio tau_c affects Total pressure ratio pi_AB,,
94,260,AFFECTS,PROPAGATION,0.95,,Compressor total temperature ratio tau_c affects Total pressure ratio pi_n,,
94,266,AFFECTS,PROPAGATION,0.95,,Compressor total temperature ratio tau_c affects Stagnation pressure at throat,,
94,283,AFFECTS,PROPAGATION,0.95,,Compressor total temperature ratio tau_c affects Higher chamber pressure,,
94,285,AFFECTS,PROPAGATION,0.95,,Compressor total temperature ratio tau_c affects Volumetric flow rate and Pressure rise,,
94,288,AFFECTS,PROPAGATION,0.95,,Compressor total temperature ratio tau_c affects Real exit velocity and pressure,,
94,308,AFFECTS,PROPAGATION,0.95,,Compressor total temperature ratio tau_c affects Mass flow scaled by dimensionless temperature and pressure,,
94,319,AFFECTS,PROPAGATION,0.95,,Compressor total temperature ratio tau_c affects Maximum pressure or shaft speed,,
96,37,AFFECTS,PROPAGATION,0.95,,Compressor isentropic efficiency affects Stagnation pressure,,
96,52,AFFECTS,PROPAGATION,0.95,,Compressor isentropic efficiency affects Pressure thrust,,
96,79,AFFECTS,PROPAGATION,0.95,,Compressor isentropic efficiency affects Total pressure ratio pi,,
96,110,AFFECTS,PROPAGATION,0.95,,Compressor isentropic efficiency affects Combustion chamber pressure,,
96,135,AFFECTS,PROPAGATION,0.95,,Compressor isentropic efficiency affects Constant-pressure mixer,,
96,137,AFFECTS,PROPAGATION,0.95,,Compressor isentropic efficiency affects Optimum fan pressure ratio,,
96,191,AFFECTS,PROPAGATION,0.95,,Compressor isentropic efficiency affects Pressure at zero velocity isentropically,,
96,198,AFFECTS,PROPAGATION,0.95,,Compressor isentropic efficiency affects Static pressure,,
96,200,AFFECTS,PROPAGATION,0.95,,Compressor isentropic efficiency affects Total pressure,,
96,205,AFFECTS,PROPAGATION,0.95,,Compressor isentropic efficiency affects Momentum thrust and Pressure thrust,,
96,211,AFFECTS,PROPAGATION,0.95,,Compressor isentropic efficiency affects Chamber pressure and Throat area,,
96,213,AFFECTS,PROPAGATION,0.95,,Compressor isentropic efficiency affects Thrust and Chamber pressure,,
96,214,AFFECTS,PROPAGATION,0.95,,Compressor isentropic efficiency affects Exit pressure equals Ambient pressure,,
96,215,AFFECTS,PROPAGATION,0.95,,Compressor isentropic efficiency affects Exit pressure less than Ambient pressure,,
96,216,AFFECTS,PROPAGATION,0.95,,Compressor isentropic efficiency affects Exit pressure greater than Ambient pressure,,
96,219,AFFECTS,PROPAGATION,0.95,,Compressor isentropic efficiency affects High pressure gas tank,,
96,232,AFFECTS,PROPAGATION,0.95,,Compressor isentropic efficiency affects Constant pressure combustion,,
96,245,AFFECTS,PROPAGATION,0.95,,Compressor isentropic efficiency affects Component efficiencies and Total pressure ratios,,
96,246,AFFECTS,PROPAGATION,0.95,,Compressor isentropic efficiency affects Total pressure ratio pi_d,,
96,250,AFFECTS,PROPAGATION,0.95,,Compressor isentropic efficiency affects Isentropic efficiency and Total pressure ratio,,
96,252,AFFECTS,PROPAGATION,0.95,,Compressor isentropic efficiency affects Increasing pressure ratio,,
96,255,AFFECTS,PROPAGATION,0.95,,Compressor isentropic efficiency affects Total pressure ratio pi_b,,
96,258,AFFECTS,PROPAGATION,0.95,,Compressor isentropic efficiency affects Total pressure ratio pi_AB,,
96,260,AFFECTS,PROPAGATION,0.95,,Compressor isentropic efficiency affects Total pressure ratio pi_n,,
96,266,AFFECTS,PROPAGATION,0.95,,Compressor isentropic efficiency affects Stagnation pressure at throat,,
96,283,AFFECTS,PROPAGATION,0.95,,Compressor isentropic efficiency affects Higher chamber pressure,,
96,285,AFFECTS,PROPAGATION,0.95,,Compressor isentropic efficiency affects Volumetric flow rate and Pressure rise,,
96,288,AFFECTS,PROPAGATION,0.95,,Compressor isentropic efficiency affects Real exit velocity and pressure,,
96,308,AFFECTS,PROPAGATION,0.95,,Compressor isentropic efficiency affects Mass flow scaled by dimensionless temperature and pressure,,
96,319,AFFECTS,PROPAGATION,0.95,,Compressor isentropic efficiency affects Maximum pressure or shaft speed,,
97,18,AFFECTS,PROPAGATION,0.95,,Turbine total temperature ratio tau_t affects Thermal efficiency,,
97,19,AFFECTS,PROPAGATION,0.95,,Turbine total temperature ratio tau_t affects Propulsive efficiency,,
97,20,AFFECTS,PROPAGATION,0.95,,Turbine total temperature ratio tau_t affects Overall efficiency,,
97,95,AFFECTS,PROPAGATION,0.95,,Turbine total temperature ratio tau_t affects Polytropic efficiency,,
97,115,AFFECTS,PROPAGATION,0.95,,Turbine total temperature ratio tau_t affects Combustion efficiency,,
97,130,AFFECTS,PROPAGATION,0.95,,Turbine total temperature ratio tau_t affects Real turbojet efficiency,,
97,136,AFFECTS,PROPAGATION,0.95,,Turbine total temperature ratio tau_t affects Mixer efficiency,,
97,139,AFFECTS,PROPAGATION,0.95,,Turbine total temperature ratio tau_t affects Propeller efficiency eta_prop,,
97,173,AFFECTS,PROPAGATION,0.95,,Turbine total temperature ratio tau_t affects Thermal efficiency and Propulsive efficiency,,
97,249,AFFECTS,PROPAGATION,0.95,,Turbine total temperature ratio tau_t affects Isentropic efficiency eta_c,,
97,250,AFFECTS,PROPAGATION,0.95,,Turbine total temperature ratio tau_t affects Isentropic efficiency and Total pressure ratio,,
97,251,AFFECTS,PROPAGATION,0.95,,Turbine total temperature ratio tau_t affects Isentropic efficiency of an infinitesimal stage,,
97,253,AFFECTS,PROPAGATION,0.95,,Turbine total temperature ratio tau_t affects Isentropic efficiency eta_t,,
97,254,AFFECTS,PROPAGATION,0.95,,Turbine total temperature ratio tau_t affects Combustion efficiency eta_b,,
97,259,AFFECTS,PROPAGATION,0.95,,Turbine total temperature ratio tau_t affects Mechanical efficiency eta_m,,
98,18,AFFECTS,PROPAGATION,0.95,,Turbine isentropic efficiency affects Thermal efficiency,,
98,19,AFFECTS,PROPAGATION,0.95,,Turbine isentropic efficiency affects Propulsive efficiency,,
98,20,AFFECTS,PROPAGATION,0.95,,Turbine isentropic efficiency affects Overall efficiency,,
98,95,AFFECTS,PROPAGATION,0.95,,Turbine isentropic efficiency affects Polytropic efficiency,,
98,115,AFFECTS,PROPAGATION,0.95,,Turbine isentropic efficiency affects Combustion efficiency,,
98,130,AFFECTS,PROPAGATION,0.95,,Turbine isentropic efficiency affects Real turbojet efficiency,,
98,136,AFFECTS,PROPAGATION,0.95,,Turbine isentropic efficiency affects Mixer efficiency,,
98,139,AFFECTS,PROPAGATION,0.95,,Turbine isentropic efficiency affects Propeller efficiency eta_prop,,
98,173,AFFECTS,PROPAGATION,0.95,,Turbine isentropic efficiency affects Thermal efficiency and Propulsive efficiency,,
98,249,AFFECTS,PROPAGATION,0.95,,Turbine isentropic efficiency affects Isentropic efficiency eta_c,,
98,250,AFFECTS,PROPAGATION,0.95,,Turbine isentropic efficiency affects Isentropic efficiency and Total pressure ratio,,
98,251,AFFECTS,PROPAGATION,0.95,,Turbine isentropic efficiency affects Isentropic efficiency of an infinitesimal stage,,
98,253,AFFECTS,PROPAGATION,0.95,,Turbine isentropic efficiency affects Isentropic efficiency eta_t,,
98,254,AFFECTS,PROPAGATION,0.95,,Turbine isentropic efficiency affects Combustion efficiency eta_b,,
98,259,AFFECTS,PROPAGATION,0.95,,Turbine isentropic efficiency affects Mechanical efficiency eta_m,,
99,36,AFFECTS,PROPAGATION,0.95,,Combustor affects Stagnation temperature,,
99,78,AFFECTS,PROPAGATION,0.95,,Combustor affects Total temperature ratio tau,,
99,199,AFFECTS,PROPAGATION,0.95,,Combustor affects Static temperature,,
99,270,AFFECTS,PROPAGATION,0.95,,Combustor affects Chamber stagnation temperature,,
99,308,AFFECTS,PROPAGATION,0.95,,Combustor affects Mass flow scaled by dimensionless temperature and pressure,,
99,337,AFFECTS,PROPAGATION,0.95,,Combustor affects Component temperature ratios,,
110,322,USED_IN,PROPAGATION,0.85,,Combustion chamber pressure used in Ideal Brayton cycle,,
131,18,AFFECTS,PROPAGATION,0.95,,Turbine temperature ratio tau_t affects Thermal efficiency,,
131,19,AFFECTS,PROPAGATION,0.95,,Turbine temperature ratio tau_t affects Propulsive efficiency,,
131,20,AFFECTS,PROPAGATION,0.95,,Turbine temperature ratio tau_t affects Overall efficiency,,
131,95,AFFECTS,PROPAGATION,0.95,,Turbine temperature ratio tau_t affects Polytropic efficiency,,
131,115,AFFECTS,PROPAGATION,0.95,,Turbine temperature ratio tau_t affects Combustion efficiency,,
131,130,AFFECTS,PROPAGATION,0.95,,Turbine temperature ratio tau_t affects Real turbojet efficiency,,
131,136,AFFECTS,PROPAGATION,0.95,,Turbine temperature ratio tau_t affects Mixer efficiency,,
131,139,AFFECTS,PROPAGATION,0.95,,Turbine temperature ratio tau_t affects Propeller efficiency eta_prop,,
131,173,AFFECTS,PROPAGATION,0.95,,Turbine temperature ratio tau_t affects Thermal efficiency and Propulsive efficiency,,
131,249,AFFECTS,PROPAGATION,0.95,,Turbine temperature ratio tau_t affects Isentropic efficiency eta_c,,
131,250,AFFECTS,PROPAGATION,0.95,,Turbine temperature ratio tau_t affects Isentropic efficiency and Total pressure ratio,,
131,251,AFFECTS,PROPAGATION,0.95,,Turbine temperature ratio tau_t affects Isentropic efficiency of an infinitesimal stage,,
131,253,AFFECTS,PROPAGATION,0.95,,Turbine temperature ratio tau_t affects Isentropic efficiency eta_t,,
131,254,AFFECTS,PROPAGATION,0.95,,Turbine temperature ratio tau_t affects Combustion efficiency eta_b,,
131,259,AFFECTS,PROPAGATION,0.95,,Turbine temperature ratio tau_t affects Mechanical efficiency eta_m,,
135,322,USED_IN,PROPAGATION,0.85,,Constant-pressure mixer used in Ideal Brayton cycle,,
137,322,USED_IN,PROPAGATION,0.85,,Optimum fan pressure ratio used in Ideal Brayton cycle,,
141,18,AFFECTS,PROPAGATION,0.95,,Turbine expansion split affects Thermal efficiency,,
141,19,AFFECTS,PROPAGATION,0.95,,Turbine expansion split affects Propulsive efficiency,,
141,20,AFFECTS,PROPAGATION,0.95,,Turbine expansion split affects Overall efficiency,,
141,95,AFFECTS,PROPAGATION,0.95,,Turbine expansion split affects Polytropic efficiency,,
141,115,AFFECTS,PROPAGATION,0.95,,Turbine expansion split affects Combustion efficiency,,
141,130,AFFECTS,PROPAGATION,0.95,,Turbine expansion split affects Real turbojet efficiency,,
141,136,AFFECTS,PROPAGATION,0.95,,Turbine expansion split affects Mixer efficiency,,
141,139,AFFECTS,PROPAGATION,0.95,,Turbine expansion split affects Propeller efficiency eta_prop,,
141,173,AFFECTS,PROPAGATION,0.95,,Turbine expansion split affects Thermal efficiency and Propulsive efficiency,,
141,249,AFFECTS,PROPAGATION,0.95,,Turbine expansion split affects Isentropic efficiency eta_c,,
141,250,AFFECTS,PROPAGATION,0.95,,Turbine expansion split affects Isentropic efficiency and Total pressure ratio,,
141,251,AFFECTS,PROPAGATION,0.95,,Turbine expansion split affects Isentropic efficiency of an infinitesimal stage,,
141,253,AFFECTS,PROPAGATION,0.95,,Turbine expansion split affects Isentropic efficiency eta_t,,
141,254,AFFECTS,PROPAGATION,0.95,,Turbine expansion split affects Combustion efficiency eta_b,,
141,259,AFFECTS,PROPAGATION,0.95,,Turbine expansion split affects Mechanical efficiency eta_m,,
148,37,AFFECTS,PROPAGATION,0.95,,Compressor operating line affects Stagnation pressure,,
148,52,AFFECTS,PROPAGATION,0.95,,Compressor operating line affects Pressure thrust,,
148,79,AFFECTS,PROPAGATION,0.95,,Compressor operating line affects Total pressure ratio pi,,
148,110,AFFECTS,PROPAGATION,0.95,,Compressor operating line affects Combustion chamber pressure,,
148,135,AFFECTS,PROPAGATION,0.95,,Compressor operating line affects Constant-pressure mixer,,
148,137,AFFECTS,PROPAGATION,0.95,,Compressor operating line affects Optimum fan pressure ratio,,
148,191,AFFECTS,PROPAGATION,0.95,,Compressor operating line affects Pressure at zero velocity isentropically,,
148,198,AFFECTS,PROPAGATION,0.95,,Compressor operating line affects Static pressure,,
148,200,AFFECTS,PROPAGATION,0.95,,Compressor operating line affects Total pressure,,
148,205,AFFECTS,PROPAGATION,0.95,,Compressor operating line affects Momentum thrust and Pressure thrust,,
148,211,AFFECTS,PROPAGATION,0.95,,Compressor operating line affects Chamber pressure and Throat area,,
148,213,AFFECTS,PROPAGATION,0.95,,Compressor operating line affects Thrust and Chamber pressure,,
148,214,AFFECTS,PROPAGATION,0.95,,Compressor operating line affects Exit pressure equals Ambient pressure,,
148,215,AFFECTS,PROPAGATION,0.95,,Compressor operating line affects Exit pressure less than Ambient pressure,,
148,216,AFFECTS,PROPAGATION,0.95,,Compressor operating line affects Exit pressure greater than Ambient pressure,,
148,219,AFFECTS,PROPAGATION,0.95,,Compressor operating line affects High pressure gas tank,,
148,232,AFFECTS,PROPAGATION,0.95,,Compressor operating line affects Constant pressure combustion,,
148,245,AFFECTS,PROPAGATION,0.95,,Compressor operating line affects Component efficiencies and Total pressure ratios,,
148,246,AFFECTS,PROPAGATION,0.95,,Compressor operating line affects Total pressure ratio pi_d,,
148,250,AFFECTS,PROPAGATION,0.95,,Compressor operating line affects Isentropic efficiency and Total pressure ratio,,
148,252,AFFECTS,PROPAGATION,0.95,,Compressor operating line affects Increasing pressure ratio,,
148,255,AFFECTS,PROPAGATION,0.95,,Compressor operating line affects Total pressure ratio pi_b,,
148,258,AFFECTS,PROPAGATION,0.95,,Compressor operating line affects Total pressure ratio pi_AB,,
148,260,AFFECTS,PROPAGATION,0.95,,Compressor operating line affects Total pressure ratio pi_n,,
148,266,AFFECTS,PROPAGATION,0.95,,Compressor operating line affects Stagnation pressure at throat,,
148,283,AFFECTS,PROPAGATION,0.95,,Compressor operating line affects Higher chamber pressure,,
148,285,AFFECTS,PROPAGATION,0.95,,Compressor operating line affects Volumetric flow rate and Pressure rise,,
148,288,AFFECTS,PROPAGATION,0.95,,Compressor operating line affects Real exit velocity and pressure,,
148,308,AFFECTS,PROPAGATION,0.95,,Compressor operating line affects Mass flow scaled by dimensionless temperature and pressure,,
148,319,AFFECTS,PROPAGATION,0.95,,Compressor operating line affects Maximum pressure or shaft speed,,
160,18,AFFECTS,PROPAGATION,0.95,,Gas turbine engine affects Thermal efficiency,,
160,19,AFFECTS,PROPAGATION,0.95,,Gas turbine engine affects Propulsive efficiency,,
160,20,AFFECTS,PROPAGATION,0.95,,Gas turbine engine affects Overall efficiency,,
160,95,AFFECTS,PROPAGATION,0.95,,Gas turbine engine affects Polytropic efficiency,,
160,115,AFFECTS,PROPAGATION,0.95,,Gas turbine engine affects Combustion efficiency,,
160,130,AFFECTS,PROPAGATION,0.95,,Gas turbine engine affects Real turbojet efficiency,,
160,136,AFFECTS,PROPAGATION,0.95,,Gas turbine engine affects Mixer efficiency,,
160,139,AFFECTS,PROPAGATION,0.95,,Gas turbine engine affects Propeller efficiency eta_prop,,
160,173,AFFECTS,PROPAGATION,0.95,,Gas turbine engine affects Thermal efficiency and Propulsive efficiency,,
160,249,AFFECTS,PROPAGATION,0.95,,Gas turbine engine affects Isentropic efficiency eta_c,,
160,250,AFFECTS,PROPAGATION,0.95,,Gas turbine engine affects Isentropic efficiency and Total pressure ratio,,
160,251,AFFECTS,PROPAGATION,0.95,,Gas turbine engine affects Isentropic efficiency of an infinitesimal stage,,
160,253,AFFECTS,PROPAGATION,0.95,,Gas turbine engine affects Isentropic efficiency eta_t,,
160,254,AFFECTS,PROPAGATION,0.95,,Gas turbine engine affects Combustion efficiency eta_b,,
160,259,AFFECTS,PROPAGATION,0.95,,Gas turbine engine affects Mechanical efficiency eta_m,,
191,322,USED_IN,PROPAGATION,0.85,,Pressure at zero velocity isentropically used in Ideal Brayton cycle,,
198,322,USED_IN,PROPAGATION,0.85,,Static pressure used in Ideal Brayton cycle,,
199,75,USED_IN,PROPAGATION,0.85,,Static temperature used in Parametric cycle analysis,,
199,77,USED_IN,PROPAGATION,0.85,,Static temperature used in Ideal cycle analysis,,
199,122,USED_IN,PROPAGATION,0.85,,Static temperature used in Liquid rocket cycle,,
199,123,USED_IN,PROPAGATION,0.85,,Static temperature used in Pump-fed cycle,,
199,124,USED_IN,PROPAGATION,0.85,,Static temperature used in Gas-generator cycle,,
199,125,USED_IN,PROPAGATION,0.85,,Static temperature used in Staged combustion cycle,,
199,128,USED_IN,PROPAGATION,0.85,,Static temperature used in Real cycle analysis,,
199,280,USED_IN,PROPAGATION,0.85,,Static temperature used in Pressure-fed cycle,,
199,281,USED_IN,PROPAGATION,0.85,,Static temperature used in Expander cycle,,
199,322,USED_IN,PROPAGATION,0.85,,Static temperature used in Ideal Brayton cycle,,
200,322,USED_IN,PROPAGATION,0.85,,Total pressure used in Ideal Brayton cycle,,
205,322,USED_IN,PROPAGATION,0.85,,Momentum thrust and Pressure thrust used in Ideal Brayton cycle,,
211,322,USED_IN,PROPAGATION,0.85,,Chamber pressure and Throat area used in Ideal Brayton cycle,,
213,322,USED_IN,PROPAGATION,0.85,,Thrust and Chamber pressure used in Ideal Brayton cycle,,
214,322,USED_IN,PROPAGATION,0.85,,Exit pressure equals Ambient pressure used in Ideal Brayton cycle,,
215,322,USED_IN,PROPAGATION,0.85,,Exit pressure less than Ambient pressure used in Ideal Brayton cycle,,
216,322,USED_IN,PROPAGATION,0.85,,Exit pressure greater than Ambient pressure used in Ideal Brayton cycle,,
219,322,USED_IN,PROPAGATION,0.85,,High pressure gas tank used in Ideal Brayton cycle,,
232,322,USED_IN,PROPAGATION,0.85,,Constant pressure combustion used in Ideal Brayton cycle,,
238,37,AFFECTS,PROPAGATION,0.95,,Optimum compressor pressure ratio affects Stagnation pressure,,
238,52,AFFECTS,PROPAGATION,0.95,,Optimum compressor pressure ratio affects Pressure thrust,,
238,79,AFFECTS,PROPAGATION,0.95,,Optimum compressor pressure ratio affects Total pressure ratio pi,,
238,110,AFFECTS,PROPAGATION,0.95,,Optimum compressor pressure ratio affects Combustion chamber pressure,,
238,135,AFFECTS,PROPAGATION,0.95,,Optimum compressor pressure ratio affects Constant-pressure mixer,,
238,137,AFFECTS,PROPAGATION,0.95,,Optimum compressor pressure ratio affects Optimum fan pressure ratio,,
238,191,AFFECTS,PROPAGATION,0.95,,Optimum compressor pressure ratio affects Pressure at zero velocity isentropically,,
238,198,AFFECTS,PROPAGATION,0.95,,Optimum compressor pressure ratio affects Static pressure,,
238,200,AFFECTS,PROPAGATION,0.95,,Optimum compressor pressure ratio affects Total pressure,,
238,205,AFFECTS,PROPAGATION,0.95,,Optimum compressor pressure ratio affects Momentum thrust and Pressure thrust,,
238,211,AFFECTS,PROPAGATION,0.95,,Optimum compressor pressure ratio affects Chamber pressure and Throat area,,
238,213,AFFECTS,PROPAGATION,0.95,,Optimum compressor pressure ratio affects Thrust and Chamber pressure,,
238,214,AFFECTS,PROPAGATION,0.95,,Optimum compressor pressure ratio affects Exit pressure equals Ambient pressure,,
238,215,AFFECTS,PROPAGATION,0.95,,Optimum compressor pressure ratio affects Exit pressure less than Ambient pressure,,
238,216,AFFECTS,PROPAGATION,0.95,,Optimum compressor pressure ratio affects Exit pressure greater than Ambient pressure,,
238,219,AFFECTS,PROPAGATION,0.95,,Optimum compressor pressure ratio affects High pressure gas tank,,
238,232,AFFECTS,PROPAGATION,0.95,,Optimum compressor pressure ratio affects Constant pressure combustion,,
238,245,AFFECTS,PROPAGATION,0.95,,Optimum compressor pressure ratio affects Component efficiencies and Total pressure ratios,,
238,246,AFFECTS,PROPAGATION,0.95,,Optimum compressor pressure ratio affects Total pressure ratio pi_d,,
238,250,AFFECTS,PROPAGATION,0.95,,Optimum compressor pressure ratio affects Isentropic efficiency and Total pressure ratio,,
238,252,AFFECTS,PROPAGATION,0.95,,Optimum compressor pressure ratio affects Increasing pressure ratio,,
238,255,AFFECTS,PROPAGATION,0.95,,Optimum compressor pressure ratio affects Total pressure ratio pi_b,,
238,258,AFFECTS,PROPAGATION,0.95,,Optimum compressor pressure ratio affects Total pressure ratio pi_AB,,
238,260,AFFECTS,PROPAGATION,0.95,,Optimum compressor pressure ratio affects Total pressure ratio pi_n,,
238,266,AFFECTS,PROPAGATION,0.95,,Optimum compressor pressure ratio affects Stagnation pressure at throat,,
238,283,AFFECTS,PROPAGATION,0.95,,Optimum compressor pressure ratio affects Higher chamber pressure,,
238,285,AFFECTS,PROPAGATION,0.95,,Optimum compressor pressure ratio affects Volumetric flow rate and Pressure rise,,
238,288,AFFECTS,PROPAGATION,0.95,,Optimum compressor pressure ratio affects Real exit velocity and pressure,,
238,308,AFFECTS,PROPAGATION,0.95,,Optimum compressor pressure ratio affects Mass flow scaled by dimensionless temperature and pressure,,
238,319,AFFECTS,PROPAGATION,0.95,,Optimum compressor pressure ratio affects Maximum pressure or shaft speed,,
245,322,USED_IN,PROPAGATION,0.85,,Component efficiencies and Total pressure ratios used in Ideal Brayton cycle,,
246,322,USED_IN,PROPAGATION,0.85,,Total pressure ratio pi_d used in Ideal Brayton cycle,,
250,322,USED_IN,PROPAGATION,0.85,,Isentropic efficiency and Total pressure ratio used in Ideal Brayton cycle,,
252,322,USED_IN,PROPAGATION,0.85,,Increasing pressure ratio used in Ideal Brayton cycle,,
255,322,USED_IN,PROPAGATION,0.85,,Total pressure ratio pi_b used in Ideal Brayton cycle,,
258,322,USED_IN,PROPAGATION,0.85,,Total pressure ratio pi_AB used in Ideal Brayton cycle,,
260,322,USED_IN,PROPAGATION,0.85,,Total pressure ratio pi_n used in Ideal Brayton cycle,,
262,18,AFFECTS,PROPAGATION,0.95,,Available turbine power for compression affects Thermal efficiency,,
262,19,AFFECTS,PROPAGATION,0.95,,Available turbine power for compression affects Propulsive efficiency,,
262,20,AFFECTS,PROPAGATION,0.95,,Available turbine power for compression affects Overall efficiency,,
262,37,AFFECTS,PROPAGATION,0.95,,Available turbine power for compression affects Stagnation pressure,,
262,52,AFFECTS,PROPAGATION,0.95,,Available turbine power for compression affects Pressure thrust,,
262,79,AFFECTS,PROPAGATION,0.95,,Available turbine power for compression affects Total pressure ratio pi,,
262,95,AFFECTS,PROPAGATION,0.95,,Available turbine power for compression affects Polytropic efficiency,,
262,110,AFFECTS,PROPAGATION,0.95,,Available turbine power for compression affects Combustion chamber pressure,,
262,115,AFFECTS,PROPAGATION,0.95,,Available turbine power for compression affects Combustion efficiency,,
262,130,AFFECTS,PROPAGATION,0.95,,Available turbine power for compression affects Real turbojet efficiency,,
262,135,AFFECTS,PROPAGATION,0.95,,Available turbine power for compression affects Constant-pressure mixer,,
262,136,AFFECTS,PROPAGATION,0.95,,Available turbine power for compression affects Mixer efficiency,,
262,137,AFFECTS,PROPAGATION,0.95,,Available turbine power for compression affects Optimum fan pressure ratio,,
262,139,AFFECTS,PROPAGATION,0.95,,Available turbine power for compression affects Propeller efficiency eta_prop,,
262,173,AFFECTS,PROPAGATION,0.95,,Available turbine power for compression affects Thermal efficiency and Propulsive efficiency,,
262,191,AFFECTS,PROPAGATION,0.95,,Available turbine power for compression affects Pressure at zero velocity isentropically,,
262,198,AFFECTS,PROPAGATION,0.95,,Available turbine power for compression affects Static pressure,,
262,200,AFFECTS,PROPAGATION,0.95,,Available turbine power for compression affects Total pressure,,
262,205,AFFECTS,PROPAGATION,0.95,,Available turbine power for compression affects Momentum thrust and Pressure thrust,,
262,211,AFFECTS,PROPAGATION,0.95,,Available turbine power for compression affects Chamber pressure and Throat area,,
262,213,AFFECTS,PROPAGATION,0.95,,Available turbine power for compression affects Thrust and Chamber pressure,,
262,214,AFFECTS,PROPAGATION,0.95,,Available turbine power for compression affects Exit pressure equals Ambient pressure,,
262,215,AFFECTS,PROPAGATION,0.95,,Available turbine power for compression affects Exit pressure less than Ambient pressure,,
262,216,AFFECTS,PROPAGATION,0.95,,Available turbine power for compression affects Exit pressure greater than Ambient pressure,,
262,219,AFFECTS,PROPAGATION,0.95,,Available turbine power for compression affects High pressure gas tank,,
262,232,AFFECTS,PROPAGATION,0.95,,Available turbine power for compression affects Constant pressure combustion,,
262,245,AFFECTS,PROPAGATION,0.95,,Available turbine power for compression affects Component efficiencies and Total pressure ratios,,
262,246,AFFECTS,PROPAGATION,0.95,,Available turbine power for compression affects Total pressure ratio pi_d,,
262,249,AFFECTS,PROPAGATION,0.95,,Available turbine power for compression affects Isentropic efficiency eta_c,,
262,250,AFFECTS,PROPAGATION,0.95,,Available turbine power for compression affects Isentropic efficiency and Total pressure ratio,,
262,251,AFFECTS,PROPAGATION,0.95,,Available turbine power for compression affects Isentropic efficiency of an infinitesimal stage,,
262,252,AFFECTS,PROPAGATION,0.95,,Available turbine power for compression affects Increasing pressure ratio,,
262,253,AFFECTS,PROPAGATION,0.95,,Available turbine power for compression affects Isentropic efficiency eta_t,,
262,254,AFFECTS,PROPAGATION,0.95,,Available turbine power for compression affects Combustion efficiency eta_b,,
262,255,AFFECTS,PROPAGATION,0.95,,Available turbine power for compression affects Total pressure ratio pi_b,,
262,258,AFFECTS,PROPAGATION,0.95,,Available turbine power for compression affects Total pressure ratio pi_AB,,
262,259,AFFECTS,PROPAGATION,0.95,,Available turbine power for compression affects Mechanical efficiency eta_m,,
262,260,AFFECTS,PROPAGATION,0.95,,Available turbine power for compression affects Total pressure ratio pi_n,,
262,266,AFFECTS,PROPAGATION,0.95,,Available turbine power for compression affects Stagnation pressure at throat,,
262,283,AFFECTS,PROPAGATION,0.95,,Available turbine power for compression affects Higher chamber pressure,,
262,285,AFFECTS,PROPAGATION,0.95,,Available turbine power for compression affects Volumetric flow rate and Pressure rise,,
262,288,AFFECTS,PROPAGATION,0.95,,Available turbine power for compression affects Real exit velocity and pressure,,
262,308,AFFECTS,PROPAGATION,0.95,,Available turbine power for compression affects Mass flow scaled by dimensionless temperature and pressure,,
262,319,AFFECTS,PROPAGATION,0.95,,Available turbine power for compression affects Maximum pressure or shaft speed,,
264,18,AFFECTS,PROPAGATION,0.95,,Turbine inlet stagnation temperature affects Thermal efficiency,,
264,19,AFFECTS,PROPAGATION,0.95,,Turbine inlet stagnation temperature affects Propulsive efficiency,,
264,20,AFFECTS,PROPAGATION,0.95,,Turbine inlet stagnation temperature affects Overall efficiency,,
264,95,AFFECTS,PROPAGATION,0.95,,Turbine inlet stagnation temperature affects Polytropic efficiency,,
264,115,AFFECTS,PROPAGATION,0.95,,Turbine inlet stagnation temperature affects Combustion efficiency,,
264,130,AFFECTS,PROPAGATION,0.95,,Turbine inlet stagnation temperature affects Real turbojet efficiency,,
264,136,AFFECTS,PROPAGATION,0.95,,Turbine inlet stagnation temperature affects Mixer efficiency,,
264,139,AFFECTS,PROPAGATION,0.95,,Turbine inlet stagnation temperature affects Propeller efficiency eta_prop,,
264,173,AFFECTS,PROPAGATION,0.95,,Turbine inlet stagnation temperature affects Thermal efficiency and Propulsive efficiency,,
264,249,AFFECTS,PROPAGATION,0.95,,Turbine inlet stagnation temperature affects Isentropic efficiency eta_c,,
264,250,AFFECTS,PROPAGATION,0.95,,Turbine inlet stagnation temperature affects Isentropic efficiency and Total pressure ratio,,
264,251,AFFECTS,PROPAGATION,0.95,,Turbine inlet stagnation temperature affects Isentropic efficiency of an infinitesimal stage,,
264,253,AFFECTS,PROPAGATION,0.95,,Turbine inlet stagnation temperature affects Isentropic efficiency eta_t,,
264,254,AFFECTS,PROPAGATION,0.95,,Turbine inlet stagnation temperature affects Combustion efficiency eta_b,,
264,259,AFFECTS,PROPAGATION,0.95,,Turbine inlet stagnation temperature affects Mechanical efficiency eta_m,,
266,322,USED_IN,PROPAGATION,0.85,,Stagnation pressure at throat used in Ideal Brayton cycle,,
270,75,USED_IN,PROPAGATION,0.85,,Chamber stagnation temperature used in Parametric cycle analysis,,
270,77,USED_IN,PROPAGATION,0.85,,Chamber stagnation temperature used in Ideal cycle analysis,,
270,122,USED_IN,PROPAGATION,0.85,,Chamber stagnation temperature used in Liquid rocket cycle,,
270,123,USED_IN,PROPAGATION,0.85,,Chamber stagnation temperature used in Pump-fed cycle,,
270,124,USED_IN,PROPAGATION,0.85,,Chamber stagnation temperature used in Gas-generator cycle,,
270,125,USED_IN,PROPAGATION,0.85,,Chamber stagnation temperature used in Staged combustion cycle,,
270,128,USED_IN,PROPAGATION,0.85,,Chamber stagnation temperature used in Real cycle analysis,,
270,280,USED_IN,PROPAGATION,0.85,,Chamber stagnation temperature used in Pressure-fed cycle,,
270,281,USED_IN,PROPAGATION,0.85,,Chamber stagnation temperature used in Expander cycle,,
270,322,USED_IN,PROPAGATION,0.85,,Chamber stagnation temperature used in Ideal Brayton cycle,,
280,12,LIMITED_BY,CONSTRAINT,0.8,,Pressure-fed cycle constrained by Uninstalled thrust,,
280,13,LIMITED_BY,CONSTRAINT,0.8,,Pressure-fed cycle constrained by Installed thrust,,
280,43,LIMITED_BY,CONSTRAINT,0.8,,Pressure-fed cycle constrained by Choked flow,,
280,100,LIMITED_BY,CONSTRAINT,0.8,,Pressure-fed cycle constrained by Combustor pressure loss,,
280,102,LIMITED_BY,CONSTRAINT,0.8,,Pressure-fed cycle constrained by Afterburner pressure loss,,
280,147,LIMITED_BY,CONSTRAINT,0.8,,Pressure-fed cycle constrained by Choked turbine stator,,
280,149,LIMITED_BY,CONSTRAINT,0.8,,Pressure-fed cycle constrained by Choked exhaust nozzle,,
280,151,LIMITED_BY,CONSTRAINT,0.8,,Pressure-fed cycle constrained by Engine limit,,
280,153,LIMITED_BY,CONSTRAINT,0.8,,Pressure-fed cycle constrained by Cold day operation,,
280,154,LIMITED_BY,CONSTRAINT,0.8,,Pressure-fed cycle constrained by Hot day operation,,
280,156,LIMITED_BY,CONSTRAINT,0.8,,Pressure-fed cycle constrained by Transient operation,,
280,167,LIMITED_BY,CONSTRAINT,0.8,,Pressure-fed cycle constrained by Inlet installation,,
280,168,LIMITED_BY,CONSTRAINT,0.8,,Pressure-fed cycle constrained by Nozzle installation,,
280,195,LIMITED_BY,CONSTRAINT,0.8,,Pressure-fed cycle constrained by Mass flow maximum limit,,
280,237,LIMITED_BY,CONSTRAINT,0.8,,Pressure-fed cycle constrained by High Mach limit,,
280,275,LIMITED_BY,CONSTRAINT,0.8,,Pressure-fed cycle constrained by Frozen flow and Equilibrium flow limits,,
280,278,LIMITED_BY,CONSTRAINT,0.8,,Pressure-fed cycle constrained by Wall heat loss,,
280,279,LIMITED_BY,CONSTRAINT,0.8,,Pressure-fed cycle constrained by Cooling fluid boundary layer,,
280,286,LIMITED_BY,CONSTRAINT,0.8,,Pressure-fed cycle constrained by Component efficiencies and fluid losses,,
280,287,LIMITED_BY,CONSTRAINT,0.8,,Pressure-fed cycle constrained by Viscous and shock losses,,
280,289,LIMITED_BY,CONSTRAINT,0.8,,Pressure-fed cycle constrained by Component irreversibilities,,
280,293,LIMITED_BY,CONSTRAINT,0.8,,Pressure-fed cycle constrained by High total pressure drop,,
280,298,LIMITED_BY,CONSTRAINT,0.8,,Pressure-fed cycle constrained by Total pressure gain or loss,,
280,305,LIMITED_BY,CONSTRAINT,0.8,,Pressure-fed cycle constrained by Required turbine temperature drop,,
280,317,LIMITED_BY,CONSTRAINT,0.8,,Pressure-fed cycle constrained by Maximum turbine inlet temperature,,
280,327,LIMITED_BY,CONSTRAINT,0.8,,Pressure-fed cycle constrained by Choked flow condition,,
280,329,LIMITED_BY,CONSTRAINT,0.8,,Pressure-fed cycle constrained by Turbine material thermal limit,,
280,330,LIMITED_BY,CONSTRAINT,0.8,,Pressure-fed cycle constrained by Afterburner pressure drop,,
282,18,AFFECTS,PROPAGATION,0.95,,Turbine inlet temperature affects Thermal efficiency,,
282,19,AFFECTS,PROPAGATION,0.95,,Turbine inlet temperature affects Propulsive efficiency,,
282,20,AFFECTS,PROPAGATION,0.95,,Turbine inlet temperature affects Overall efficiency,,
282,95,AFFECTS,PROPAGATION,0.95,,Turbine inlet temperature affects Polytropic efficiency,,
282,115,AFFECTS,PROPAGATION,0.95,,Turbine inlet temperature affects Combustion efficiency,,
282,130,AFFECTS,PROPAGATION,0.95,,Turbine inlet temperature affects Real turbojet efficiency,,
282,136,AFFECTS,PROPAGATION,0.95,,Turbine inlet temperature affects Mixer efficiency,,
282,139,AFFECTS,PROPAGATION,0.95,,Turbine inlet temperature affects Propeller efficiency eta_prop,,
282,173,AFFECTS,PROPAGATION,0.95,,Turbine inlet temperature affects Thermal efficiency and Propulsive efficiency,,
282,249,AFFECTS,PROPAGATION,0.95,,Turbine inlet temperature affects Isentropic efficiency eta_c,,
282,250,AFFECTS,PROPAGATION,0.95,,Turbine inlet temperature affects Isentropic efficiency and Total pressure ratio,,
282,251,AFFECTS,PROPAGATION,0.95,,Turbine inlet temperature affects Isentropic efficiency of an infinitesimal stage,,
282,253,AFFECTS,PROPAGATION,0.95,,Turbine inlet temperature affects Isentropic efficiency eta_t,,
282,254,AFFECTS,PROPAGATION,0.95,,Turbine inlet temperature affects Combustion efficiency eta_b,,
282,259,AFFECTS,PROPAGATION,0.95,,Turbine inlet temperature affects Mechanical efficiency eta_m,,
283,322,USED_IN,PROPAGATION,0.85,,Higher chamber pressure used in Ideal Brayton cycle,,
284,18,AFFECTS,PROPAGATION,0.95,,Turbine power equals Pump power affects Thermal efficiency,,
284,19,AFFECTS,PROPAGATION,0.95,,Turbine power equals Pump power affects Propulsive efficiency,,
284,20,AFFECTS,PROPAGATION,0.95,,Turbine power equals Pump power affects Overall efficiency,,
284,95,AFFECTS,PROPAGATION,0.95,,Turbine power equals Pump power affects Polytropic efficiency,,
284,115,AFFECTS,PROPAGATION,0.95,,Turbine power equals Pump power affects Combustion efficiency,,
284,130,AFFECTS,PROPAGATION,0.95,,Turbine power equals Pump power affects Real turbojet efficiency,,
284,136,AFFECTS,PROPAGATION,0.95,,Turbine power equals Pump power affects Mixer efficiency,,
284,139,AFFECTS,PROPAGATION,0.95,,Turbine power equals Pump power affects Propeller efficiency eta_prop,,
284,173,AFFECTS,PROPAGATION,0.95,,Turbine power equals Pump power affects Thermal efficiency and Propulsive efficiency,,
284,249,AFFECTS,PROPAGATION,0.95,,Turbine power equals Pump power affects Isentropic efficiency eta_c,,
284,250,AFFECTS,PROPAGATION,0.95,,Turbine power equals Pump power affects Isentropic efficiency and Total pressure ratio,,
284,251,AFFECTS,PROPAGATION,0.95,,Turbine power equals Pump power affects Isentropic efficiency of an infinitesimal stage,,
284,253,AFFECTS,PROPAGATION,0.95,,Turbine power equals Pump power affects Isentropic efficiency eta_t,,
284,254,AFFECTS,PROPAGATION,0.95,,Turbine power equals Pump power affects Combustion efficiency eta_b,,
284,259,AFFECTS,PROPAGATION,0.95,,Turbine power equals Pump power affects Mechanical efficiency eta_m,,
285,322,USED_IN,PROPAGATION,0.85,,Volumetric flow rate and Pressure rise used in Ideal Brayton cycle,,
288,322,USED_IN,PROPAGATION,0.85,,Real exit velocity and pressure used in Ideal Brayton cycle,,
308,75,USED_IN,PROPAGATION,0.85,,Mass flow scaled by dimensionless temperature and pressure used in Parametric cycle analysis,,
308,77,USED_IN,PROPAGATION,0.85,,Mass flow scaled by dimensionless temperature and pressure used in Ideal cycle analysis,,
308,122,USED_IN,PROPAGATION,0.85,,Mass flow scaled by dimensionless temperature and pressure used in Liquid rocket cycle,,
308,123,USED_IN,PROPAGATION,0.85,,Mass flow scaled by dimensionless temperature and pressure used in Pump-fed cycle,,
308,124,USED_IN,PROPAGATION,0.85,,Mass flow scaled by dimensionless temperature and pressure used in Gas-generator cycle,,
308,125,USED_IN,PROPAGATION,0.85,,Mass flow scaled by dimensionless temperature and pressure used in Staged combustion cycle,,
308,128,USED_IN,PROPAGATION,0.85,,Mass flow scaled by dimensionless temperature and pressure used in Real cycle analysis,,
308,280,USED_IN,PROPAGATION,0.85,,Mass flow scaled by dimensionless temperature and pressure used in Pressure-fed cycle,,
308,281,USED_IN,PROPAGATION,0.85,,Mass flow scaled by dimensionless temperature and pressure used in Expander cycle,,
308,322,USED_IN,PROPAGATION,0.85,,Mass flow scaled by dimensionless temperature and pressure used in Ideal Brayton cycle,,
311,37,AFFECTS,PROPAGATION,0.95,,Upstream compressor operating point affects Stagnation pressure,,
311,52,AFFECTS,PROPAGATION,0.95,,Upstream compressor operating point affects Pressure thrust,,
311,79,AFFECTS,PROPAGATION,0.95,,Upstream compressor operating point affects Total pressure ratio pi,,
311,110,AFFECTS,PROPAGATION,0.95,,Upstream compressor operating point affects Combustion chamber pressure,,
311,135,AFFECTS,PROPAGATION,0.95,,Upstream compressor operating point affects Constant-pressure mixer,,
311,137,AFFECTS,PROPAGATION,0.95,,Upstream compressor operating point affects Optimum fan pressure ratio,,
311,191,AFFECTS,PROPAGATION,0.95,,Upstream compressor operating point affects Pressure at zero velocity isentropically,,
311,198,AFFECTS,PROPAGATION,0.95,,Upstream compressor operating point affects Static pressure,,
311,200,AFFECTS,PROPAGATION,0.95,,Upstream compressor operating point affects Total pressure,,
311,205,AFFECTS,PROPAGATION,0.95,,Upstream compressor operating point affects Momentum thrust and Pressure thrust,,
311,211,AFFECTS,PROPAGATION,0.95,,Upstream compressor operating point affects Chamber pressure and Throat area,,
311,213,AFFECTS,PROPAGATION,0.95,,Upstream compressor operating point affects Thrust and Chamber pressure,,
311,214,AFFECTS,PROPAGATION,0.95,,Upstream compressor operating point affects Exit pressure equals Ambient pressure,,
311,215,AFFECTS,PROPAGATION,0.95,,Upstream compressor operating point affects Exit pressure less than Ambient pressure,,
311,216,AFFECTS,PROPAGATION,0.95,,Upstream compressor operating point affects Exit pressure greater than Ambient pressure,,
311,219,AFFECTS,PROPAGATION,0.95,,Upstream compressor operating point affects High pressure gas tank,,
311,232,AFFECTS,PROPAGATION,0.95,,Upstream compressor operating point affects Constant pressure combustion,,
311,245,AFFECTS,PROPAGATION,0.95,,Upstream compressor operating point affects Component efficiencies and Total pressure ratios,,
311,246,AFFECTS,PROPAGATION,0.95,,Upstream compressor operating point affects Total pressure ratio pi_d,,
311,250,AFFECTS,PROPAGATION,0.95,,Upstream compressor operating point affects Isentropic efficiency and Total pressure ratio,,
311,252,AFFECTS,PROPAGATION,0.95,,Upstream compressor operating point affects Increasing pressure ratio,,
311,255,AFFECTS,PROPAGATION,0.95,,Upstream compressor operating point affects Total pressure ratio pi_b,,
311,258,AFFECTS,PROPAGATION,0.95,,Upstream compressor operating point affects Total pressure ratio pi_AB,,
311,260,AFFECTS,PROPAGATION,0.95,,Upstream compressor operating point affects Total pressure ratio pi_n,,
311,266,AFFECTS,PROPAGATION,0.95,,Upstream compressor operating point affects Stagnation pressure at throat,,
311,283,AFFECTS,PROPAGATION,0.95,,Upstream compressor operating point affects Higher chamber pressure,,
311,285,AFFECTS,PROPAGATION,0.95,,Upstream compressor operating point affects Volumetric flow rate and Pressure rise,,
311,288,AFFECTS,PROPAGATION,0.95,,Upstream compressor operating point affects Real exit velocity and pressure,,
311,308,AFFECTS,PROPAGATION,0.95,,Upstream compressor operating point affects Mass flow scaled by dimensionless temperature and pressure,,
311,319,AFFECTS,PROPAGATION,0.95,,Upstream compressor operating point affects Maximum pressure or shaft speed,,
312,18,AFFECTS,PROPAGATION,0.95,,Turbine flow capacity affects Thermal efficiency,,
312,19,AFFECTS,PROPAGATION,0.95,,Turbine flow capacity affects Propulsive efficiency,,
312,20,AFFECTS,PROPAGATION,0.95,,Turbine flow capacity affects Overall efficiency,,
312,95,AFFECTS,PROPAGATION,0.95,,Turbine flow capacity affects Polytropic efficiency,,
312,115,AFFECTS,PROPAGATION,0.95,,Turbine flow capacity affects Combustion efficiency,,
312,130,AFFECTS,PROPAGATION,0.95,,Turbine flow capacity affects Real turbojet efficiency,,
312,136,AFFECTS,PROPAGATION,0.95,,Turbine flow capacity affects Mixer efficiency,,
312,139,AFFECTS,PROPAGATION,0.95,,Turbine flow capacity affects Propeller efficiency eta_prop,,
312,173,AFFECTS,PROPAGATION,0.95,,Turbine flow capacity affects Thermal efficiency and Propulsive efficiency,,
312,249,AFFECTS,PROPAGATION,0.95,,Turbine flow capacity affects Isentropic efficiency eta_c,,
312,250,AFFECTS,PROPAGATION,0.95,,Turbine flow capacity affects Isentropic efficiency and Total pressure ratio,,
312,251,AFFECTS,PROPAGATION,0.95,,Turbine flow capacity affects Isentropic efficiency of an infinitesimal stage,,
312,253,AFFECTS,PROPAGATION,0.95,,Turbine flow capacity affects Isentropic efficiency eta_t,,
312,254,AFFECTS,PROPAGATION,0.95,,Turbine flow capacity affects Combustion efficiency eta_b,,
312,259,AFFECTS,PROPAGATION,0.95,,Turbine flow capacity affects Mechanical efficiency eta_m,,
313,18,AFFECTS,PROPAGATION,0.95,,Turbine pressure ratio affects Thermal efficiency,,
313,19,AFFECTS,PROPAGATION,0.95,,Turbine pressure ratio affects Propulsive efficiency,,
313,20,AFFECTS,PROPAGATION,0.95,,Turbine pressure ratio affects Overall efficiency,,
313,95,AFFECTS,PROPAGATION,0.95,,Turbine pressure ratio affects Polytropic efficiency,,
313,115,AFFECTS,PROPAGATION,0.95,,Turbine pressure ratio affects Combustion efficiency,,
313,130,AFFECTS,PROPAGATION,0.95,,Turbine pressure ratio affects Real turbojet efficiency,,
313,136,AFFECTS,PROPAGATION,0.95,,Turbine pressure ratio affects Mixer efficiency,,
313,139,AFFECTS,PROPAGATION,0.95,,Turbine pressure ratio affects Propeller efficiency eta_prop,,
313,173,AFFECTS,PROPAGATION,0.95,,Turbine pressure ratio affects Thermal efficiency and Propulsive efficiency,,
313,249,AFFECTS,PROPAGATION,0.95,,Turbine pressure ratio affects Isentropic efficiency eta_c,,
313,250,AFFECTS,PROPAGATION,0.95,,Turbine pressure ratio affects Isentropic efficiency and Total pressure ratio,,
313,251,AFFECTS,PROPAGATION,0.95,,Turbine pressure ratio affects Isentropic efficiency of an infinitesimal stage,,
313,253,AFFECTS,PROPAGATION,0.95,,Turbine pressure ratio affects Isentropic efficiency eta_t,,
313,254,AFFECTS,PROPAGATION,0.95,,Turbine pressure ratio affects Combustion efficiency eta_b,,
313,259,AFFECTS,PROPAGATION,0.95,,Turbine pressure ratio affects Mechanical efficiency eta_m,,
316,37,AFFECTS,PROPAGATION,0.95,,Maximum compressor discharge pressure affects Stagnation pressure,,
316,52,AFFECTS,PROPAGATION,0.95,,Maximum compressor discharge pressure affects Pressure thrust,,
316,79,AFFECTS,PROPAGATION,0.95,,Maximum compressor discharge pressure affects Total pressure ratio pi,,
316,110,AFFECTS,PROPAGATION,0.95,,Maximum compressor discharge pressure affects Combustion chamber pressure,,
316,135,AFFECTS,PROPAGATION,0.95,,Maximum compressor discharge pressure affects Constant-pressure mixer,,
316,137,AFFECTS,PROPAGATION,0.95,,Maximum compressor discharge pressure affects Optimum fan pressure ratio,,
316,191,AFFECTS,PROPAGATION,0.95,,Maximum compressor discharge pressure affects Pressure at zero velocity isentropically,,
316,198,AFFECTS,PROPAGATION,0.95,,Maximum compressor discharge pressure affects Static pressure,,
316,200,AFFECTS,PROPAGATION,0.95,,Maximum compressor discharge pressure affects Total pressure,,
316,205,AFFECTS,PROPAGATION,0.95,,Maximum compressor discharge pressure affects Momentum thrust and Pressure thrust,,
316,211,AFFECTS,PROPAGATION,0.95,,Maximum compressor discharge pressure affects Chamber pressure and Throat area,,
316,213,AFFECTS,PROPAGATION,0.95,,Maximum compressor discharge pressure affects Thrust and Chamber pressure,,
316,214,AFFECTS,PROPAGATION,0.95,,Maximum compressor discharge pressure affects Exit pressure equals Ambient pressure,,
316,215,AFFECTS,PROPAGATION,0.95,,Maximum compressor discharge pressure affects Exit pressure less than Ambient pressure,,
316,216,AFFECTS,PROPAGATION,0.95,,Maximum compressor discharge pressure affects Exit pressure greater than Ambient pressure,,
316,219,AFFECTS,PROPAGATION,0.95,,Maximum compressor discharge pressure affects High pressure gas tank,,
316,232,AFFECTS,PROPAGATION,0.95,,Maximum compressor discharge pressure affects Constant pressure combustion,,
316,245,AFFECTS,PROPAGATION,0.95,,Maximum compressor discharge pressure affects Component efficiencies and Total pressure ratios,,
316,246,AFFECTS,PROPAGATION,0.95,,Maximum compressor discharge pressure affects Total pressure ratio pi_d,,
316,250,AFFECTS,PROPAGATION,0.95,,Maximum compressor discharge pressure affects Isentropic efficiency and Total pressure ratio,,
316,252,AFFECTS,PROPAGATION,0.95,,Maximum compressor discharge pressure affects Increasing pressure ratio,,
316,255,AFFECTS,PROPAGATION,0.95,,Maximum compressor discharge pressure affects Total pressure ratio pi_b,,
316,258,AFFECTS,PROPAGATION,0.95,,Maximum compressor discharge pressure affects Total pressure ratio pi_AB,,
316,260,AFFECTS,PROPAGATION,0.95,,Maximum compressor discharge pressure affects Total pressure ratio pi_n,,
316,266,AFFECTS,PROPAGATION,0.95,,Maximum compressor discharge pressure affects Stagnation pressure at throat,,
316,283,AFFECTS,PROPAGATION,0.95,,Maximum compressor discharge pressure affects Higher chamber pressure,,
316,285,AFFECTS,PROPAGATION,0.95,,Maximum compressor discharge pressure affects Volumetric flow rate and Pressure rise,,
316,288,AFFECTS,PROPAGATION,0.95,,Maximum compressor discharge pressure affects Real exit velocity and pressure,,
316,308,AFFECTS,PROPAGATION,0.95,,Maximum compressor discharge pressure affects Mass flow scaled by dimensionless temperature and pressure,,
316,319,AFFECTS,PROPAGATION,0.95,,Maximum compressor discharge pressure affects Maximum pressure or shaft speed,,
319,322,USED_IN,PROPAGATION,0.85,,Maximum pressure or shaft speed used in Ideal Brayton cycle,,
333,36,AFFECTS,PROPAGATION,0.95,,Maximum combustor heat addition affects Stagnation temperature,,
333,78,AFFECTS,PROPAGATION,0.95,,Maximum combustor heat addition affects Total temperature ratio tau,,
333,199,AFFECTS,PROPAGATION,0.95,,Maximum combustor heat addition affects Static temperature,,
333,270,AFFECTS,PROPAGATION,0.95,,Maximum combustor heat addition affects Chamber stagnation temperature,,
333,308,AFFECTS,PROPAGATION,0.95,,Maximum combustor heat addition affects Mass flow scaled by dimensionless temperature and pressure,,
333,337,AFFECTS,PROPAGATION,0.95,,Maximum combustor heat addition affects Component temperature ratios,,
337,75,USED_IN,PROPAGATION,0.85,,Component temperature ratios used in Parametric cycle analysis,,
337,77,USED_IN,PROPAGATION,0.85,,Component temperature ratios used in Ideal cycle analysis,,
337,122,USED_IN,PROPAGATION,0.85,,Component temperature ratios used in Liquid rocket cycle,,
337,123,USED_IN,PROPAGATION,0.85,,Component temperature ratios used in Pump-fed cycle,,
337,124,USED_IN,PROPAGATION,0.85,,Component temperature ratios used in Gas-generator cycle,,
337,125,USED_IN,PROPAGATION,0.85,,Component temperature ratios used in Staged combustion cycle,,
337,128,USED_IN,PROPAGATION,0.85,,Component temperature ratios used in Real cycle analysis,,
337,280,USED_IN,PROPAGATION,0.85,,Component temperature ratios used in Pressure-fed cycle,,
337,281,USED_IN,PROPAGATION,0.85,,Component temperature ratios used in Expander cycle,,
337,322,USED_IN,PROPAGATION,0.85,,Component temperature ratios used in Ideal Brayton cycle,,
